,date,direction,speed
0,2008-07-01,229,17
1,2008-07-02,220,21
2,2008-07-03,219,18
3,2008-07-04,223,17
4,2008-07-05,220,18
5,2008-07-06,233,21
6,2008-07-07,240,19
7,2008-07-08,238,18
8,2008-07-09,227,16
9,2008-07-10,228,17
10,2008-07-11,226,20
11,2008-07-12,222,19
12,2008-07-13,215,18
13,2008-07-14,208,17
14,2008-07-15,209,14
15,2008-07-16,214,14
16,2008-07-17,215,15
17,2008-07-18,222,15
18,2008-07-19,221,15
19,2008-07-20,209,15
20,2008-07-21,209,14
21,2008-07-22,207,15
22,2008-07-23,211,13
23,2008-07-24,211,15
24,2008-07-25,222,13
25,2008-07-26,224,12
26,2008-07-27,232,13
27,2008-07-28,236,11
28,2008-07-29,201,10
29,2008-07-30,213,15
30,2008-07-31,215,17
31,2008-08-01,213,17
32,2008-08-02,225,16
33,2008-08-03,222,14
34,2008-08-04,228,11
35,2008-08-05,236,12
36,2008-08-06,246,15
37,2008-08-07,239,17
38,2008-08-08,242,19
39,2008-08-09,256,18
40,2008-08-10,253,14
41,2008-08-11,255,9
42,2008-08-12,228,31
43,2008-08-13,248,16
44,2008-08-14,249,13
45,2008-08-15,225,13
46,2008-08-16,219,12
47,2008-08-17,224,10
48,2008-08-18,224,11
49,2008-08-19,226,13
50,2008-08-20,230,12
51,2008-08-21,227,11
52,2008-08-22,218,11
53,2008-08-23,217,9
54,2008-08-24,226,7
55,2008-08-25,217,9
56,2008-08-26,208,8
57,2008-08-27,219,10
58,2008-08-28,217,10
59,2008-08-29,217,8
60,2008-08-30,216,9
61,2008-08-31,236,7
62,2008-09-01,186,4
63,2008-09-02,215,3
64,2008-09-03,255,5
65,2008-09-04,203,7
66,2008-09-05,216,10
67,2008-09-06,234,10
68,2008-09-07,206,5
69,2008-09-08,246,5
70,2008-09-09,142,6
71,2008-09-10,113,6
72,2008-09-11,77,8
73,2008-09-12,175,5
74,2008-09-13,186,13
75,2008-09-14,165,17
76,2008-09-15,177,20
77,2008-09-16,227,12
78,2008-09-17,263,15
79,2008-09-18,267,15
80,2008-09-19,249,10
81,2008-09-20,219,14
82,2008-09-21,224,11
83,2008-09-22,216,9
84,2008-09-23,208,7
85,2008-09-24,210,5
86,2008-09-25,221,7
87,2008-09-26,230,9
88,2008-09-27,220,9
89,2008-09-28,226,9
90,2008-09-29,236,7
91,2008-09-30,219,8
92,2008-10-01,208,8
93,2008-10-02,210,9
94,2008-10-03,213,5
95,2008-10-04,213,5
96,2008-10-05,223,7
97,2008-10-06,216,7
98,2008-10-07,224,6
99,2008-10-08,211,7
100,2008-10-09,240,4
101,2008-10-10,163,4
102,2008-10-11,155,4
103,2008-10-12,145,5
104,2008-10-13,169,5
105,2008-10-14,200,5
106,2008-10-15,108,6
107,2008-10-16,160,7
108,2008-10-17,62,9
109,2008-10-18,71,10
110,2008-10-19,67,9
111,2008-10-20,131,8
112,2008-10-21,115,8
113,2008-10-22,47,9
114,2008-10-23,55,9
115,2008-10-24,51,8
116,2008-10-25,157,8
117,2008-10-26,186,6
118,2008-10-27,244,7
119,2008-10-28,250,6
120,2008-10-29,257,6
121,2008-10-30,178,6
122,2008-10-31,86,8
123,2008-11-01,114,8
124,2008-11-02,170,8
125,2008-11-03,165,10
126,2008-11-04,169,10
127,2008-11-05,200,6
128,2008-11-06,126,8
129,2008-11-07,46,9
130,2008-11-08,52,8
131,2008-11-09,94,8
132,2008-11-10,138,9
133,2008-11-11,158,6
134,2008-11-12,141,5
135,2008-11-13,212,6
136,2008-11-14,247,4
137,2008-11-15,182,8
138,2008-11-16,48,10
139,2008-11-17,39,12
140,2008-11-18,128,10
141,2008-11-19,182,9
142,2008-11-20,63,10
143,2008-11-21,68,12
144,2008-11-22,40,13
145,2008-11-23,84,11
146,2008-11-24,127,10
147,2008-11-25,137,9
148,2008-11-26,73,10
149,2008-11-27,69,13
150,2008-11-28,60,14
151,2008-11-29,65,15
152,2008-11-30,73,13
153,2008-12-01,117,7
154,2008-12-02,137,7
155,2008-12-03,157,6
156,2008-12-04,71,7
157,2008-12-05,89,8
158,2008-12-06,83,9
159,2008-12-07,174,8
160,2008-12-08,171,4
161,2008-12-09,181,5
162,2008-12-10,102,9
163,2008-12-11,138,12
164,2008-12-12,132,11
165,2008-12-13,179,11
166,2008-12-14,177,9
167,2008-12-15,154,7
168,2008-12-16,185,8
169,2008-12-17,71,9
170,2008-12-18,75,12
171,2008-12-19,47,8
172,2008-12-20,51,7
173,2008-12-21,106,12
174,2008-12-22,62,10
175,2008-12-23,155,11
176,2008-12-24,106,10
177,2008-12-25,156,9
178,2008-12-26,150,7
179,2008-12-27,170,6
180,2008-12-28,263,6
181,2008-12-29,157,7
182,2008-12-30,143,9
183,2008-12-31,189,10
184,2009-01-01,37,13
185,2009-01-02,151,8
186,2009-01-03,179,6
187,2009-01-04,186,6
188,2009-01-05,219,5
189,2009-01-06,143,9
190,2009-01-07,116,14
191,2009-01-08,141,12
192,2009-01-09,201,9
193,2009-01-10,177,11
194,2009-01-11,140,8
195,2009-01-12,205,6
196,2009-01-13,180,7
197,2009-01-14,189,6
198,2009-01-15,143,6
199,2009-01-16,194,7
200,2009-01-17,214,6
201,2009-01-18,294,10
202,2009-01-19,142,11
203,2009-01-20,116,10
204,2009-01-21,75,12
205,2009-01-22,159,9
206,2009-01-23,90,11
207,2009-01-24,165,8
208,2009-01-25,313,7
209,2009-01-26,213,11
210,2009-01-27,180,12
211,2009-01-28,141,11
212,2009-01-29,136,10
213,2009-01-30,149,14
214,2009-01-31,131,12
215,2009-02-01,246,8
216,2009-02-02,238,5
217,2009-02-03,241,6
218,2009-02-04,182,6
219,2009-02-05,215,7
220,2009-02-06,243,8
221,2009-02-07,139,9
222,2009-02-08,212,8
223,2009-02-09,200,8
224,2009-02-10,293,9
225,2009-02-11,176,11
226,2009-02-12,167,7
227,2009-02-13,207,6
228,2009-02-14,231,7
229,2009-02-15,167,8
230,2009-02-16,144,10
231,2009-02-17,142,11
232,2009-02-18,249,10
233,2009-02-19,172,8
234,2009-02-20,149,8
235,2009-02-21,147,10
236,2009-02-22,220,7
237,2009-02-23,257,8
238,2009-02-24,268,8
239,2009-02-25,242,7
240,2009-02-26,232,8
241,2009-02-27,302,7
242,2009-02-28,225,8
243,2009-03-01,260,8
244,2009-03-02,271,7
245,2009-03-03,219,9
246,2009-03-04,219,8
247,2009-03-05,206,8
248,2009-03-06,237,8
249,2009-03-07,250,8
250,2009-03-08,278,9
251,2009-03-09,291,7
252,2009-03-10,209,9
253,2009-03-11,185,9
254,2009-03-12,280,7
255,2009-03-13,218,9
256,2009-03-14,200,11
257,2009-03-15,207,10
258,2009-03-16,249,8
259,2009-03-17,183,9
260,2009-03-18,296,9
261,2009-03-19,224,9
262,2009-03-20,244,10
263,2009-03-21,223,11
264,2009-03-22,225,7
265,2009-03-23,234,9
266,2009-03-24,216,10
267,2009-03-25,252,7
268,2009-03-26,289,10
269,2009-03-27,232,11
270,2009-03-28,237,8
271,2009-03-29,247,8
272,2009-03-30,177,9
273,2009-03-31,220,9
274,2009-04-01,281,7
275,2009-04-02,258,10
276,2009-04-03,214,9
277,2009-04-04,203,8
278,2009-04-05,234,13
279,2009-04-06,140,11
280,2009-04-07,217,10
281,2009-04-08,243,12
282,2009-04-09,216,8
283,2009-04-10,177,9
284,2009-04-11,180,9
285,2009-04-12,285,8
286,2009-04-13,317,10
287,2009-04-14,289,9
288,2009-04-15,281,9
289,2009-04-16,290,9
290,2009-04-17,276,9
291,2009-04-18,245,8
292,2009-04-19,208,10
293,2009-04-20,214,16
294,2009-04-21,214,19
295,2009-04-22,222,15
296,2009-04-23,251,10
297,2009-04-24,299,10
298,2009-04-25,303,9
299,2009-04-26,286,9
300,2009-04-27,245,7
301,2009-04-28,270,9
302,2009-04-29,217,10
303,2009-04-30,213,14
304,2009-05-01,221,15
305,2009-05-02,219,13
306,2009-05-03,215,12
307,2009-05-04,216,14
308,2009-05-05,218,16
309,2009-05-06,237,11
310,2009-05-07,256,8
311,2009-05-08,233,12
312,2009-05-09,247,11
313,2009-05-10,240,14
314,2009-05-11,233,17
315,2009-05-12,221,17
316,2009-05-13,222,17
317,2009-05-14,217,22
318,2009-05-15,216,23
319,2009-05-16,217,21
320,2009-05-17,221,18
321,2009-05-18,220,17
322,2009-05-19,217,14
323,2009-05-20,212,15
324,2009-05-21,221,14
325,2009-05-22,214,18
326,2009-05-23,216,18
327,2009-05-24,219,19
328,2009-05-25,219,20
329,2009-05-26,221,20
330,2009-05-27,219,17
331,2009-05-28,219,19
332,2009-05-29,219,19
333,2009-05-30,220,20
334,2009-05-31,220,19
335,2009-06-01,223,19
336,2009-06-02,225,19
337,2009-06-03,229,20
338,2009-06-04,231,20
339,2009-06-05,229,19
340,2009-06-06,233,18
341,2009-06-07,228,19
342,2009-06-08,227,20
343,2009-06-09,225,19
344,2009-06-10,222,17
345,2009-06-11,221,20
346,2009-06-12,227,20
347,2009-06-13,223,20
348,2009-06-14,223,19
349,2009-06-15,224,21
350,2009-06-16,224,19
351,2009-06-17,225,17
352,2009-06-18,224,16
353,2009-06-19,221,15
354,2009-06-20,220,17
355,2009-06-21,212,14
356,2009-06-22,217,16
357,2009-06-23,201,14
358,2009-06-24,198,20
359,2009-06-25,207,19
360,2009-06-26,212,20
361,2009-06-27,208,16
362,2009-06-28,206,16
363,2009-06-29,207,15
364,2009-06-30,212,20
365,2009-07-01,206,18
366,2009-07-02,203,16
367,2009-07-03,219,12
368,2009-07-04,230,10
369,2009-07-05,232,13
370,2009-07-06,202,14
371,2009-07-07,223,16
372,2009-07-08,233,18
373,2009-07-09,229,18
374,2009-07-10,214,18
375,2009-07-11,209,18
376,2009-07-12,216,18
377,2009-07-13,227,19
378,2009-07-14,227,12
379,2009-07-15,234,13
380,2009-07-16,222,16
381,2009-07-17,220,18
382,2009-07-18,219,20
383,2009-07-19,224,19
384,2009-07-20,231,18
385,2009-07-21,228,16
386,2009-07-22,237,14
387,2009-07-23,229,22
388,2009-07-24,224,25
389,2009-07-25,227,19
390,2009-07-26,234,17
391,2009-07-27,225,18
392,2009-07-28,233,21
393,2009-07-29,220,19
394,2009-07-30,224,17
395,2009-07-31,229,17
396,2009-08-01,223,18
397,2009-08-02,221,17
398,2009-08-03,231,16
399,2009-08-04,232,21
400,2009-08-05,229,22
401,2009-08-06,232,21
402,2009-08-07,236,18
403,2009-08-08,232,15
404,2009-08-09,226,14
405,2009-08-10,217,12
406,2009-08-11,197,15
407,2009-08-12,209,14
408,2009-08-13,220,16
409,2009-08-14,231,17
410,2009-08-15,226,18
411,2009-08-16,224,16
412,2009-08-17,220,13
413,2009-08-18,225,10
414,2009-08-19,220,10
415,2009-08-20,215,13
416,2009-08-21,211,14
417,2009-08-22,219,12
418,2009-08-23,213,12
419,2009-08-24,229,9
420,2009-08-25,237,11
421,2009-08-26,236,13
422,2009-08-27,225,15
423,2009-08-28,208,12
424,2009-08-29,226,11
425,2009-08-30,207,13
426,2009-08-31,200,13
427,2009-09-01,205,12
428,2009-09-02,218,11
429,2009-09-03,233,10
430,2009-09-04,236,12
431,2009-09-05,222,10
432,2009-09-06,245,10
433,2009-09-07,221,9
434,2009-09-08,229,11
435,2009-09-09,225,15
436,2009-09-10,218,15
437,2009-09-11,214,12
438,2009-09-12,226,8
439,2009-09-13,264,7
440,2009-09-14,232,7
441,2009-09-15,236,7
442,2009-09-16,218,8
443,2009-09-17,241,6
444,2009-09-18,244,6
445,2009-09-19,254,8
446,2009-09-20,245,8
447,2009-09-21,271,6
448,2009-09-22,205,5
449,2009-09-23,222,9
450,2009-09-24,231,10
451,2009-09-25,234,10
452,2009-09-26,243,8
453,2009-09-27,260,8
454,2009-09-28,280,10
455,2009-09-29,270,9
456,2009-09-30,259,8
457,2009-10-01,187,8
458,2009-10-02,131,7
459,2009-10-03,195,9
460,2009-10-04,208,14
461,2009-10-05,213,9
462,2009-10-06,220,12
463,2009-10-07,221,15
464,2009-10-08,222,15
465,2009-10-09,208,13
466,2009-10-10,219,10
467,2009-10-11,247,4
468,2009-10-12,221,5
469,2009-10-13,240,5
470,2009-10-14,211,7
471,2009-10-15,229,5
472,2009-10-16,300,4
473,2009-10-17,266,6
474,2009-10-18,254,5
475,2009-10-19,230,4
476,2009-10-20,235,5
477,2009-10-21,175,4
478,2009-10-22,168,9
479,2009-10-23,123,9
480,2009-10-24,148,8
481,2009-10-25,155,7
482,2009-10-26,171,7
483,2009-10-27,144,6
484,2009-10-28,104,8
485,2009-10-29,110,10
486,2009-10-30,65,10
487,2009-10-31,140,9
488,2009-11-01,135,8
489,2009-11-02,147,9
490,2009-11-03,102,9
491,2009-11-04,62,9
492,2009-11-05,58,12
493,2009-11-06,127,11
494,2009-11-07,167,11
495,2009-11-08,131,9
496,2009-11-09,71,8
497,2009-11-10,96,14
498,2009-11-11,60,23
499,2009-11-12,101,9
500,2009-11-13,135,7
501,2009-11-14,199,6
502,2009-11-15,135,7
503,2009-11-16,145,4
504,2009-11-17,196,6
505,2009-11-18,154,6
506,2009-11-19,60,8
507,2009-11-20,64,9
508,2009-11-21,145,8
509,2009-11-22,142,9
510,2009-11-23,170,7
511,2009-11-24,181,6
512,2009-11-25,182,6
513,2009-11-26,98,9
514,2009-11-27,167,8
515,2009-11-28,163,7
516,2009-11-29,137,8
517,2009-11-30,142,8
518,2009-12-01,142,9
519,2009-12-02,140,9
520,2009-12-03,164,6
521,2009-12-04,139,5
522,2009-12-05,183,7
523,2009-12-06,192,7
524,2009-12-07,138,8
525,2009-12-08,262,7
526,2009-12-09,145,7
527,2009-12-10,144,7
528,2009-12-11,152,9
529,2009-12-12,155,7
530,2009-12-13,189,7
531,2009-12-14,195,6
532,2009-12-15,181,6
533,2009-12-16,93,8
534,2009-12-17,62,7
535,2009-12-18,122,10
536,2009-12-19,91,9
537,2009-12-20,121,9
538,2009-12-21,69,11
539,2009-12-22,148,10
540,2009-12-23,156,8
541,2009-12-24,166,9
542,2009-12-25,157,8
543,2009-12-26,155,8
544,2009-12-27,157,6
545,2009-12-28,196,9
546,2009-12-29,175,9
547,2009-12-30,171,8
548,2009-12-31,85,10
549,2010-01-01,95,9
550,2010-01-02,178,9
551,2010-01-03,262,9
552,2010-01-04,147,12
553,2010-01-05,34,13
554,2010-01-06,92,12
555,2010-01-07,94,10
556,2010-01-08,125,10
557,2010-01-09,124,12
558,2010-01-10,72,13
559,2010-01-11,97,10
560,2010-01-12,246,8
561,2010-01-13,223,12
562,2010-01-14,41,14
563,2010-01-15,93,12
564,2010-01-16,160,10
565,2010-01-17,133,8
566,2010-01-18,187,9
567,2010-01-19,155,8
568,2010-01-20,130,9
569,2010-01-21,131,10
570,2010-01-22,195,7
571,2010-01-23,171,6
572,2010-01-24,284,7
573,2010-01-25,113,11
574,2010-01-26,152,8
575,2010-01-27,145,6
576,2010-01-28,196,6
577,2010-01-29,214,9
578,2010-01-30,151,8
579,2010-01-31,210,6
580,2010-02-01,243,7
581,2010-02-02,259,6
582,2010-02-03,141,7
583,2010-02-04,225,8
584,2010-02-05,187,6
585,2010-02-06,198,6
586,2010-02-07,171,7
587,2010-02-08,256,10
588,2010-02-09,265,9
589,2010-02-10,303,9
590,2010-02-11,214,6
591,2010-02-12,309,8
592,2010-02-13,284,8
593,2010-02-14,240,8
594,2010-02-15,168,9
595,2010-02-16,179,10
596,2010-02-17,140,13
597,2010-02-18,127,9
598,2010-02-19,200,8
599,2010-02-20,157,5
600,2010-02-21,201,6
601,2010-02-22,228,8
602,2010-02-23,263,9
603,2010-02-24,264,10
604,2010-02-25,222,7
605,2010-02-26,200,7
606,2010-02-27,173,7
607,2010-02-28,217,6
608,2010-03-01,261,7
609,2010-03-02,274,9
610,2010-03-03,227,11
611,2010-03-04,243,9
612,2010-03-05,203,9
613,2010-03-06,237,10
614,2010-03-07,283,8
615,2010-03-08,268,8
616,2010-03-09,129,9
617,2010-03-10,121,9
618,2010-03-11,219,7
619,2010-03-12,255,6
620,2010-03-13,249,8
621,2010-03-14,245,10
622,2010-03-15,217,11
623,2010-03-16,228,8
624,2010-03-17,249,8
625,2010-03-18,192,6
626,2010-03-19,220,8
627,2010-03-20,230,8
628,2010-03-21,258,8
629,2010-03-22,288,9
630,2010-03-23,226,10
631,2010-03-24,225,12
632,2010-03-25,223,11
633,2010-03-26,221,11
634,2010-03-27,233,10
635,2010-03-28,266,8
636,2010-03-29,255,10
637,2010-03-30,240,15
638,2010-03-31,222,17
639,2010-04-01,220,17
640,2010-04-02,214,15
641,2010-04-03,214,11
642,2010-04-04,258,8
643,2010-04-05,247,8
644,2010-04-06,253,8
645,2010-04-07,283,8
646,2010-04-08,248,10
647,2010-04-09,219,10
648,2010-04-10,240,13
649,2010-04-11,223,11
650,2010-04-12,241,9
651,2010-04-13,229,12
652,2010-04-14,221,12
653,2010-04-15,225,11
654,2010-04-16,242,10
655,2010-04-17,218,13
656,2010-04-18,212,17
657,2010-04-19,216,18
658,2010-04-20,216,17
659,2010-04-21,214,13
660,2010-04-22,237,9
661,2010-04-23,295,10
662,2010-04-24,240,11
663,2010-04-25,253,11
664,2010-04-26,252,10
665,2010-04-27,264,12
666,2010-04-28,262,12
667,2010-04-29,232,9
668,2010-04-30,187,11
669,2010-05-01,229,13
670,2010-05-02,244,12
671,2010-05-03,223,14
672,2010-05-04,223,14
673,2010-05-05,224,13
674,2010-05-06,234,12
675,2010-05-07,236,10
676,2010-05-08,265,11
677,2010-05-09,260,10
678,2010-05-10,267,11
679,2010-05-11,258,11
680,2010-05-12,233,13
681,2010-05-13,223,16
682,2010-05-14,221,18
683,2010-05-15,222,17
684,2010-05-16,224,16
685,2010-05-17,230,13
686,2010-05-18,265,11
687,2010-05-19,260,11
688,2010-05-20,256,14
689,2010-05-21,219,17
690,2010-05-22,220,18
691,2010-05-23,222,17
692,2010-05-24,218,17
693,2010-05-25,228,21
694,2010-05-26,229,25
695,2010-05-27,231,25
696,2010-05-28,229,23
697,2010-05-29,228,18
698,2010-05-30,229,16
699,2010-05-31,233,16
700,2010-06-01,231,17
701,2010-06-02,231,17
702,2010-06-03,229,14
703,2010-06-04,232,17
704,2010-06-05,230,19
705,2010-06-06,219,21
706,2010-06-07,218,20
707,2010-06-08,222,13
708,2010-06-09,237,10
709,2010-06-10,235,10
710,2010-06-11,265,12
711,2010-06-12,244,14
712,2010-06-13,228,16
713,2010-06-14,231,19
714,2010-06-15,241,13
715,2010-06-16,211,10
716,2010-06-17,213,12
717,2010-06-18,244,12
718,2010-06-19,222,13
719,2010-06-20,213,20
720,2010-06-21,211,20
721,2010-06-22,217,19
722,2010-06-23,221,17
723,2010-06-24,219,16
724,2010-06-25,204,14
725,2010-06-26,213,13
726,2010-06-27,201,12
727,2010-06-28,203,16
728,2010-06-29,204,15
729,2010-06-30,211,17
730,2010-07-01,197,15
731,2010-07-02,213,11
732,2010-07-03,229,13
733,2010-07-04,206,14
734,2010-07-05,193,16
735,2010-07-06,197,16
736,2010-07-07,192,16
737,2010-07-08,201,16
738,2010-07-09,206,16
739,2010-07-10,213,16
740,2010-07-11,232,16
741,2010-07-12,222,19
742,2010-07-13,217,18
743,2010-07-14,223,12
744,2010-07-15,220,10
745,2010-07-16,209,9
746,2010-07-17,199,12
747,2010-07-18,197,15
748,2010-07-19,195,14
749,2010-07-20,205,12
750,2010-07-21,202,13
751,2010-07-22,231,14
752,2010-07-23,215,13
753,2010-07-24,233,16
754,2010-07-25,241,17
755,2010-07-26,223,18
756,2010-07-27,210,21
757,2010-07-28,199,16
758,2010-07-29,205,13
759,2010-07-30,202,11
760,2010-07-31,195,12
761,2010-08-01,220,15
762,2010-08-02,218,18
763,2010-08-03,238,15
764,2010-08-04,233,14
765,2010-08-05,227,15
766,2010-08-06,235,12
767,2010-08-07,232,16
768,2010-08-08,211,17
769,2010-08-09,212,17
770,2010-08-10,207,13
771,2010-08-11,200,13
772,2010-08-12,210,11
773,2010-08-13,225,10
774,2010-08-14,210,10
775,2010-08-15,214,10
776,2010-08-16,215,8
777,2010-08-17,206,11
778,2010-08-18,206,13
779,2010-08-19,218,11
780,2010-08-20,214,9
781,2010-08-21,216,10
782,2010-08-22,216,11
783,2010-08-23,236,11
784,2010-08-24,228,10
785,2010-08-25,199,10
786,2010-08-26,208,9
787,2010-08-27,201,7
788,2010-08-28,206,7
789,2010-08-29,213,9
790,2010-08-30,200,11
791,2010-08-31,212,13
792,2010-09-01,216,15
793,2010-09-02,211,14
794,2010-09-03,214,14
795,2010-09-04,227,13
796,2010-09-05,223,12
797,2010-09-06,212,12
798,2010-09-07,212,11
799,2010-09-08,214,10
800,2010-09-09,216,11
801,2010-09-10,207,16
802,2010-09-11,202,14
803,2010-09-12,207,14
804,2010-09-13,207,11
805,2010-09-14,205,11
806,2010-09-15,213,11
807,2010-09-16,209,8
808,2010-09-17,220,7
809,2010-09-18,238,6
810,2010-09-19,235,6
811,2010-09-20,243,6
812,2010-09-21,225,8
813,2010-09-22,215,9
814,2010-09-23,224,8
815,2010-09-24,221,7
816,2010-09-25,238,6
817,2010-09-26,192,6
818,2010-09-27,70,5
819,2010-09-28,139,6
820,2010-09-29,70,5
821,2010-09-30,101,7
822,2010-10-01,73,8
823,2010-10-02,73,8
824,2010-10-03,138,9
825,2010-10-04,172,6
826,2010-10-05,110,6
827,2010-10-06,189,6
828,2010-10-07,195,8
829,2010-10-08,239,6
830,2010-10-09,280,8
831,2010-10-10,220,9
832,2010-10-11,208,9
833,2010-10-12,218,6
834,2010-10-13,241,5
835,2010-10-14,226,6
836,2010-10-15,241,8
837,2010-10-16,268,7
838,2010-10-17,224,8
839,2010-10-18,191,3
840,2010-10-19,167,5
841,2010-10-20,209,6
842,2010-10-21,203,7
843,2010-10-22,208,8
844,2010-10-23,224,7
845,2010-10-24,226,6
846,2010-10-25,198,5
847,2010-10-26,101,6
848,2010-10-27,159,6
849,2010-10-28,181,5
850,2010-10-29,141,7
851,2010-10-30,143,8
852,2010-10-31,95,10
853,2010-11-01,71,11
854,2010-11-02,64,10
855,2010-11-03,51,11
856,2010-11-04,125,10
857,2010-11-05,162,7
858,2010-11-06,131,8
859,2010-11-07,63,11
860,2010-11-08,68,13
861,2010-11-09,85,13
862,2010-11-10,207,5
863,2010-11-11,251,4
864,2010-11-12,214,7
865,2010-11-13,237,5
866,2010-11-14,154,5
867,2010-11-15,152,6
868,2010-11-16,180,5
869,2010-11-17,142,7
870,2010-11-18,156,7
871,2010-11-19,148,8
872,2010-11-20,108,9
873,2010-11-21,128,7
874,2010-11-22,71,8
875,2010-11-23,123,7
876,2010-11-24,186,7
877,2010-11-25,187,8
878,2010-11-26,143,9
879,2010-11-27,137,10
880,2010-11-28,59,9
881,2010-11-29,55,9
882,2010-11-30,124,9
883,2010-12-01,146,8
884,2010-12-02,140,9
885,2010-12-03,119,10
886,2010-12-04,124,9
887,2010-12-05,62,8
888,2010-12-06,62,12
889,2010-12-07,48,12
890,2010-12-08,112,11
891,2010-12-09,132,11
892,2010-12-10,211,9
893,2010-12-11,164,8
894,2010-12-12,203,5
895,2010-12-13,184,7
896,2010-12-14,49,9
897,2010-12-15,50,11
898,2010-12-16,127,9
899,2010-12-17,126,9
900,2010-12-18,43,10
901,2010-12-19,65,13
902,2010-12-20,54,11
903,2010-12-21,159,10
904,2010-12-22,190,7
905,2010-12-23,220,5
906,2010-12-24,81,8
907,2010-12-25,145,8
908,2010-12-26,194,8
909,2010-12-27,209,6
910,2010-12-28,255,5
911,2010-12-29,210,7
912,2010-12-30,255,8
913,2010-12-31,100,11
914,2011-01-01,38,13
915,2011-01-02,38,13
916,2011-01-03,40,12
917,2011-01-04,37,11
918,2011-01-05,74,12
919,2011-01-06,50,13
920,2011-01-07,92,11
921,2011-01-08,115,10
922,2011-01-09,73,11
923,2011-01-10,36,12
924,2011-01-11,111,9
925,2011-01-12,148,9
926,2011-01-13,146,9
927,2011-01-14,187,8
928,2011-01-15,142,9
929,2011-01-16,27,11
930,2011-01-17,188,9
931,2011-01-18,182,8
932,2011-01-19,140,9
933,2011-01-20,110,10
934,2011-01-21,121,10
935,2011-01-22,144,10
936,2011-01-23,95,10
937,2011-01-24,141,11
938,2011-01-25,179,11
939,2011-01-26,62,12
940,2011-01-27,170,9
941,2011-01-28,316,7
942,2011-01-29,169,8
943,2011-01-30,138,10
944,2011-01-31,153,10
945,2011-02-01,183,8
946,2011-02-02,128,8
947,2011-02-03,55,10
948,2011-02-04,160,9
949,2011-02-05,154,8
950,2011-02-06,185,8
951,2011-02-07,283,6
952,2011-02-08,303,7
953,2011-02-09,178,7
954,2011-02-10,149,10
955,2011-02-11,159,8
956,2011-02-12,232,6
957,2011-02-13,218,8
958,2011-02-14,207,9
959,2011-02-15,223,10
960,2011-02-16,285,9
961,2011-02-17,167,7
962,2011-02-18,198,8
963,2011-02-19,206,11
964,2011-02-20,176,11
965,2011-02-21,32,13
966,2011-02-22,160,10
967,2011-02-23,172,8
968,2011-02-24,230,9
969,2011-02-25,184,10
970,2011-02-26,150,11
971,2011-02-27,192,9
972,2011-02-28,154,9
973,2011-03-01,174,7
974,2011-03-02,234,8
975,2011-03-03,188,9
976,2011-03-04,221,8
977,2011-03-05,192,9
978,2011-03-06,206,8
979,2011-03-07,136,9
980,2011-03-08,217,10
981,2011-03-09,302,9
982,2011-03-10,216,11
983,2011-03-11,71,12
984,2011-03-12,40,12
985,2011-03-13,156,10
986,2011-03-14,134,8
987,2011-03-15,177,7
988,2011-03-16,94,7
989,2011-03-17,213,8
990,2011-03-18,241,8
991,2011-03-19,219,10
992,2011-03-20,227,10
993,2011-03-21,224,10
994,2011-03-22,232,11
995,2011-03-23,231,9
996,2011-03-24,235,9
997,2011-03-25,245,8
998,2011-03-26,267,7
999,2011-03-27,190,8
1000,2011-03-28,289,8
1001,2011-03-29,261,8
1002,2011-03-30,227,9
1003,2011-03-31,217,9
1004,2011-04-01,257,9
1005,2011-04-02,226,10
1006,2011-04-03,229,11
1007,2011-04-04,226,8
1008,2011-04-05,276,8
1009,2011-04-06,213,7
1010,2011-04-07,230,10
1011,2011-04-08,229,11
1012,2011-04-09,230,10
1013,2011-04-10,229,8
1014,2011-04-11,226,11
1015,2011-04-12,241,9
1016,2011-04-13,238,9
1017,2011-04-14,225,9
1018,2011-04-15,232,10
1019,2011-04-16,216,11
1020,2011-04-17,226,11
1021,2011-04-18,245,10
1022,2011-04-19,262,9
1023,2011-04-20,223,7
1024,2011-04-21,231,9
1025,2011-04-22,228,11
1026,2011-04-23,232,10
1027,2011-04-24,227,11
1028,2011-04-25,246,10
1029,2011-04-26,238,8
1030,2011-04-27,267,8
1031,2011-04-28,235,9
1032,2011-04-29,286,10
1033,2011-04-30,310,10
1034,2011-05-01,287,10
1035,2011-05-02,243,11
1036,2011-05-03,236,13
1037,2011-05-04,228,15
1038,2011-05-05,228,14
1039,2011-05-06,236,14
1040,2011-05-07,227,14
1041,2011-05-08,230,14
1042,2011-05-09,226,15
1043,2011-05-10,220,16
1044,2011-05-11,227,14
1045,2011-05-12,221,18
1046,2011-05-13,223,17
1047,2011-05-14,221,15
1048,2011-05-15,234,13
1049,2011-05-16,228,13
1050,2011-05-17,237,9
1051,2011-05-18,223,15
1052,2011-05-19,220,20
1053,2011-05-20,219,23
1054,2011-05-21,221,25
1055,2011-05-22,221,22
1056,2011-05-23,230,18
1057,2011-05-24,229,16
1058,2011-05-25,235,14
1059,2011-05-26,234,15
1060,2011-05-27,239,14
1061,2011-05-28,246,13
1062,2011-05-29,227,19
1063,2011-05-30,229,19
1064,2011-05-31,227,19
1065,2011-06-01,226,18
1066,2011-06-02,238,14
1067,2011-06-03,231,11
1068,2011-06-04,239,8
1069,2011-06-05,235,11
1070,2011-06-06,203,12
1071,2011-06-07,229,16
1072,2011-06-08,237,14
1073,2011-06-09,203,15
1074,2011-06-10,183,16
1075,2011-06-11,193,18
1076,2011-06-12,202,22
1077,2011-06-13,207,18
1078,2011-06-14,222,19
1079,2011-06-15,224,20
1080,2011-06-16,220,20
1081,2011-06-17,217,20
1082,2011-06-18,229,23
1083,2011-06-19,232,22
1084,2011-06-20,230,21
1085,2011-06-21,241,20
1086,2011-06-22,242,20
1087,2011-06-23,239,22
1088,2011-06-24,239,21
1089,2011-06-25,243,20
1090,2011-06-26,231,23
1091,2011-06-27,217,18
1092,2011-06-28,231,21
1093,2011-06-29,230,21
1094,2011-06-30,226,20
1095,2011-07-01,221,19
1096,2011-07-02,213,17
1097,2011-07-03,211,17
1098,2011-07-04,218,14
1099,2011-07-05,227,12
1100,2011-07-06,236,11
1101,2011-07-07,217,12
1102,2011-07-08,244,15
1103,2011-07-09,233,16
1104,2011-07-10,238,15
1105,2011-07-11,240,15
1106,2011-07-12,257,11
1107,2011-07-13,258,14
1108,2011-07-14,242,14
1109,2011-07-15,210,17
1110,2011-07-16,194,12
1111,2011-07-17,197,13
1112,2011-07-18,184,16
1113,2011-07-19,265,17
1114,2011-07-20,241,17
1115,2011-07-21,234,20
1116,2011-07-22,237,19
1117,2011-07-23,238,16
1118,2011-07-24,229,14
1119,2011-07-25,208,12
1120,2011-07-26,202,11
1121,2011-07-27,203,13
1122,2011-07-28,238,15
1123,2011-07-29,222,13
1124,2011-07-30,233,11
1125,2011-07-31,235,13
1126,2011-08-01,220,16
1127,2011-08-02,208,12
1128,2011-08-03,201,13
1129,2011-08-04,215,14
1130,2011-08-05,223,15
1131,2011-08-06,236,17
1132,2011-08-07,241,18
1133,2011-08-08,225,18
1134,2011-08-09,227,20
1135,2011-08-10,227,20
1136,2011-08-11,228,22
1137,2011-08-12,231,17
1138,2011-08-13,226,19
1139,2011-08-14,219,19
1140,2011-08-15,221,19
1141,2011-08-16,212,16
1142,2011-08-17,210,12
1143,2011-08-18,210,13
1144,2011-08-19,216,12
1145,2011-08-20,214,8
1146,2011-08-21,202,7
1147,2011-08-22,200,12
1148,2011-08-23,241,11
1149,2011-08-24,243,9
1150,2011-08-25,253,12
1151,2011-08-26,246,14
1152,2011-08-27,259,16
1153,2011-08-28,247,14
1154,2011-08-29,259,13
1155,2011-08-30,192,13
1156,2011-08-31,194,9
1157,2011-09-01,188,9
1158,2011-09-02,173,10
1159,2011-09-03,178,14
1160,2011-09-04,207,19
1161,2011-09-05,196,20
1162,2011-09-06,209,21
1163,2011-09-07,231,18
1164,2011-09-08,214,17
1165,2011-09-09,213,15
1166,2011-09-10,217,12
1167,2011-09-11,210,13
1168,2011-09-12,202,17
1169,2011-09-13,199,12
1170,2011-09-14,214,10
1171,2011-09-15,224,10
1172,2011-09-16,214,14
1173,2011-09-17,215,14
1174,2011-09-18,221,12
1175,2011-09-19,228,11
1176,2011-09-20,239,9
1177,2011-09-21,268,9
1178,2011-09-22,245,9
1179,2011-09-23,224,8
1180,2011-09-24,224,11
1181,2011-09-25,234,9
1182,2011-09-26,248,10
1183,2011-09-27,251,8
1184,2011-09-28,238,7
1185,2011-09-29,268,6
1186,2011-09-30,260,4
1187,2011-10-01,291,5
1188,2011-10-02,269,7
1189,2011-10-03,248,9
1190,2011-10-04,242,7
1191,2011-10-05,269,6
1192,2011-10-06,186,7
1193,2011-10-07,96,7
1194,2011-10-08,274,5
1195,2011-10-09,15,9
1196,2011-10-10,40,9
1197,2011-10-11,36,10
1198,2011-10-12,127,9
1199,2011-10-13,77,5
1200,2011-10-14,159,9
1201,2011-10-15,129,8
1202,2011-10-16,248,7
1203,2011-10-17,108,7
1204,2011-10-18,180,7
1205,2011-10-19,151,6
1206,2011-10-20,228,4
1207,2011-10-21,171,7
1208,2011-10-22,63,10
1209,2011-10-23,52,11
1210,2011-10-24,58,10
1211,2011-10-25,63,9
1212,2011-10-26,64,11
1213,2011-10-27,72,11
1214,2011-10-28,66,11
1215,2011-10-29,65,12
1216,2011-10-30,57,10
1217,2011-10-31,103,9
1218,2011-11-01,54,10
1219,2011-11-02,71,11
1220,2011-11-03,158,8
1221,2011-11-04,113,8
1222,2011-11-05,62,11
1223,2011-11-06,88,9
1224,2011-11-07,194,6
1225,2011-11-08,198,7
1226,2011-11-09,139,9
1227,2011-11-10,171,8
1228,2011-11-11,200,8
1229,2011-11-12,124,7
1230,2011-11-13,120,10
1231,2011-11-14,122,10
1232,2011-11-15,49,11
1233,2011-11-16,50,10
1234,2011-11-17,92,9
1235,2011-11-18,88,10
1236,2011-11-19,45,11
1237,2011-11-20,50,12
1238,2011-11-21,64,11
1239,2011-11-22,63,12
1240,2011-11-23,64,13
1241,2011-11-24,71,11
1242,2011-11-25,64,11
1243,2011-11-26,69,11
1244,2011-11-27,85,10
1245,2011-11-28,67,11
1246,2011-11-29,63,12
1247,2011-11-30,135,9
1248,2011-12-01,123,9
1249,2011-12-02,37,12
1250,2011-12-03,35,11
1251,2011-12-04,150,9
1252,2011-12-05,143,6
1253,2011-12-06,165,7
1254,2011-12-07,196,9
1255,2011-12-08,163,8
1256,2011-12-09,163,9
1257,2011-12-10,108,11
1258,2011-12-11,40,12
1259,2011-12-12,52,12
1260,2011-12-13,37,13
1261,2011-12-14,37,11
1262,2011-12-15,128,10
1263,2011-12-16,49,10
1264,2011-12-17,169,8
1265,2011-12-18,128,10
1266,2011-12-19,155,10
1267,2011-12-20,149,10
1268,2011-12-21,150,11
1269,2011-12-22,147,10
1270,2011-12-23,163,9
1271,2011-12-24,154,9
1272,2011-12-25,145,10
1273,2011-12-26,134,9
1274,2011-12-27,137,8
1275,2011-12-28,103,9
1276,2011-12-29,39,11
1277,2011-12-30,114,12
1278,2011-12-31,178,13
1279,2012-01-01,179,14
1280,2012-01-02,30,12
1281,2012-01-03,181,8
1282,2012-01-04,173,7
1283,2012-01-05,149,8
1284,2012-01-06,183,5
1285,2012-01-07,136,10
1286,2012-01-08,189,11
1287,2012-01-09,150,9
1288,2012-01-10,38,13
1289,2012-01-11,50,14
1290,2012-01-12,58,13
1291,2012-01-13,58,12
1292,2012-01-14,131,10
1293,2012-01-15,207,7
1294,2012-01-16,241,8
1295,2012-01-17,290,8
1296,2012-01-18,245,7
1297,2012-01-19,179,7
1298,2012-01-20,33,11
1299,2012-01-21,127,8
1300,2012-01-22,213,8
1301,2012-01-23,163,8
1302,2012-01-24,142,9
1303,2012-01-25,170,9
1304,2012-01-26,216,12
1305,2012-01-27,167,9
1306,2012-01-28,249,11
1307,2012-01-29,140,9
1308,2012-01-30,110,12
1309,2012-01-31,19,16
1310,2012-02-01,41,13
1311,2012-02-02,121,10
1312,2012-02-03,161,8
1313,2012-02-04,282,8
1314,2012-02-05,242,9
1315,2012-02-06,253,12
1316,2012-02-07,291,13
1317,2012-02-08,141,14
1318,2012-02-09,34,14
1319,2012-02-10,46,14
1320,2012-02-11,152,9
1321,2012-02-12,267,7
1322,2012-02-13,283,6
1323,2012-02-14,256,10
1324,2012-02-15,241,9
1325,2012-02-16,210,11
1326,2012-02-17,25,11
1327,2012-02-18,115,11
1328,2012-02-19,149,12
1329,2012-02-20,175,9
1330,2012-02-21,215,7
1331,2012-02-22,174,9
1332,2012-02-23,173,11
1333,2012-02-24,175,11
1334,2012-02-25,135,12
1335,2012-02-26,178,9
1336,2012-02-27,191,7
1337,2012-02-28,300,8
1338,2012-02-29,235,8
1339,2012-03-01,240,10
1340,2012-03-02,240,10
1341,2012-03-03,239,9
1342,2012-03-04,260,8
1343,2012-03-05,218,9
1344,2012-03-06,256,10
1345,2012-03-07,225,7
1346,2012-03-08,238,10
1347,2012-03-09,152,9
1348,2012-03-10,160,10
1349,2012-03-11,159,10
1350,2012-03-12,275,8
1351,2012-03-13,148,12
1352,2012-03-14,120,10
1353,2012-03-15,190,7
1354,2012-03-16,267,8
1355,2012-03-17,242,8
1356,2012-03-18,198,7
1357,2012-03-19,248,8
1358,2012-03-20,240,8
1359,2012-03-21,322,9
1360,2012-03-22,211,8
1361,2012-03-23,125,8
1362,2012-03-24,176,10
1363,2012-03-25,165,9
1364,2012-03-26,252,7
1365,2012-03-27,313,7
1366,2012-03-28,239,9
1367,2012-03-29,225,10
1368,2012-03-30,244,9
1369,2012-03-31,219,12
1370,2012-04-01,254,9
1371,2012-04-02,231,8
1372,2012-04-03,231,10
1373,2012-04-04,224,12
1374,2012-04-05,220,14
1375,2012-04-06,218,13
1376,2012-04-07,220,13
1377,2012-04-08,230,11
1378,2012-04-09,225,12
1379,2012-04-10,224,12
1380,2012-04-11,217,13
1381,2012-04-12,222,15
1382,2012-04-13,221,14
1383,2012-04-14,242,10
1384,2012-04-15,218,8
1385,2012-04-16,197,9
1386,2012-04-17,254,9
1387,2012-04-18,236,8
1388,2012-04-19,246,8
1389,2012-04-20,182,7
1390,2012-04-21,211,9
1391,2012-04-22,263,10
1392,2012-04-23,245,9
1393,2012-04-24,253,10
1394,2012-04-25,239,9
1395,2012-04-26,249,9
1396,2012-04-27,265,9
1397,2012-04-28,265,11
1398,2012-04-29,236,11
1399,2012-04-30,217,16
1400,2012-05-01,219,16
1401,2012-05-02,220,16
1402,2012-05-03,219,16
1403,2012-05-04,217,19
1404,2012-05-05,221,18
1405,2012-05-06,224,17
1406,2012-05-07,230,14
1407,2012-05-08,227,12
1408,2012-05-09,232,12
1409,2012-05-10,228,14
1410,2012-05-11,232,13
1411,2012-05-12,226,15
1412,2012-05-13,225,15
1413,2012-05-14,230,13
1414,2012-05-15,234,13
1415,2012-05-16,222,15
1416,2012-05-17,224,15
1417,2012-05-18,229,14
1418,2012-05-19,236,12
1419,2012-05-20,222,14
1420,2012-05-21,219,16
1421,2012-05-22,222,17
1422,2012-05-23,222,17
1423,2012-05-24,220,19
1424,2012-05-25,222,18
1425,2012-05-26,223,16
1426,2012-05-27,221,17
1427,2012-05-28,222,18
1428,2012-05-29,224,17
1429,2012-05-30,222,18
1430,2012-05-31,221,21
1431,2012-06-01,224,22
1432,2012-06-02,225,21
1433,2012-06-03,228,20
1434,2012-06-04,227,20
1435,2012-06-05,228,18
1436,2012-06-06,225,16
1437,2012-06-07,230,15
1438,2012-06-08,233,16
1439,2012-06-09,227,18
1440,2012-06-10,222,20
1441,2012-06-11,213,16
1442,2012-06-12,236,12
1443,2012-06-13,221,15
1444,2012-06-14,213,16
1445,2012-06-15,217,18
1446,2012-06-16,219,21
1447,2012-06-17,229,18
1448,2012-06-18,237,21
1449,2012-06-19,240,23
1450,2012-06-20,236,22
1451,2012-06-21,236,21
1452,2012-06-22,232,19
1453,2012-06-23,225,20
1454,2012-06-24,226,20
1455,2012-06-25,229,21
1456,2012-06-26,230,22
1457,2012-06-27,222,20
1458,2012-06-28,220,16
1459,2012-06-29,224,16
1460,2012-06-30,221,16
1461,2012-07-01,214,14
1462,2012-07-02,226,12
1463,2012-07-03,238,13
1464,2012-07-04,207,16
1465,2012-07-05,220,18
1466,2012-07-06,226,19
1467,2012-07-07,222,20
1468,2012-07-08,218,18
1469,2012-07-09,219,16
1470,2012-07-10,220,17
1471,2012-07-11,215,17
1472,2012-07-12,213,17
1473,2012-07-13,223,19
1474,2012-07-14,232,19
1475,2012-07-15,225,18
1476,2012-07-16,218,16
1477,2012-07-17,221,17
1478,2012-07-18,231,18
1479,2012-07-19,234,20
1480,2012-07-20,234,19
1481,2012-07-21,238,17
1482,2012-07-22,239,17
1483,2012-07-23,240,18
1484,2012-07-24,227,18
1485,2012-07-25,235,20
1486,2012-07-26,238,20
1487,2012-07-27,239,17
1488,2012-07-28,240,18
1489,2012-07-29,247,16
1490,2012-07-30,242,17
1491,2012-07-31,245,19
1492,2012-08-01,242,19
1493,2012-08-02,239,20
1494,2012-08-03,240,23
1495,2012-08-04,229,22
1496,2012-08-05,230,19
1497,2012-08-06,244,15
1498,2012-08-07,242,15
1499,2012-08-08,226,16
1500,2012-08-09,242,18
1501,2012-08-10,251,14
1502,2012-08-11,251,14
1503,2012-08-12,245,18
1504,2012-08-13,240,19
1505,2012-08-14,231,18
1506,2012-08-15,233,17
1507,2012-08-16,234,16
1508,2012-08-17,238,15
1509,2012-08-18,234,12
1510,2012-08-19,239,15
1511,2012-08-20,206,14
1512,2012-08-21,212,15
1513,2012-08-22,204,14
1514,2012-08-23,206,17
1515,2012-08-24,215,15
1516,2012-08-25,222,15
1517,2012-08-26,222,12
1518,2012-08-27,233,11
1519,2012-08-28,196,10
1520,2012-08-29,201,11
1521,2012-08-30,206,10
1522,2012-08-31,202,10
1523,2012-09-01,205,13
1524,2012-09-02,211,11
1525,2012-09-03,205,11
1526,2012-09-04,195,12
1527,2012-09-05,210,17
1528,2012-09-06,212,18
1529,2012-09-07,198,20
1530,2012-09-08,192,20
1531,2012-09-09,194,17
1532,2012-09-10,216,17
1533,2012-09-11,221,17
1534,2012-09-12,219,17
1535,2012-09-13,204,18
1536,2012-09-14,209,18
1537,2012-09-15,226,16
1538,2012-09-16,230,15
1539,2012-09-17,222,14
1540,2012-09-18,212,12
1541,2012-09-19,220,10
1542,2012-09-20,220,11
1543,2012-09-21,218,12
1544,2012-09-22,216,14
1545,2012-09-23,226,13
1546,2012-09-24,227,12
1547,2012-09-25,219,9
1548,2012-09-26,253,6
1549,2012-09-27,272,7
1550,2012-09-28,286,7
1551,2012-09-29,103,8
1552,2012-09-30,115,9
1553,2012-10-01,85,8
1554,2012-10-02,204,7
1555,2012-10-03,214,12
1556,2012-10-04,214,12
1557,2012-10-05,237,9
1558,2012-10-06,244,5
1559,2012-10-07,231,5
1560,2012-10-08,174,6
1561,2012-10-09,237,6
1562,2012-10-10,242,7
1563,2012-10-11,258,5
1564,2012-10-12,252,5
1565,2012-10-13,220,6
1566,2012-10-14,228,6
1567,2012-10-15,226,6
1568,2012-10-16,197,8
1569,2012-10-17,153,9
1570,2012-10-18,161,9
1571,2012-10-19,167,9
1572,2012-10-20,134,9
1573,2012-10-21,76,9
1574,2012-10-22,79,11
1575,2012-10-23,114,7
1576,2012-10-24,214,6
1577,2012-10-25,194,8
1578,2012-10-26,119,10
1579,2012-10-27,59,9
1580,2012-10-28,60,9
1581,2012-10-29,67,11
1582,2012-10-30,73,12
1583,2012-10-31,67,12
1584,2012-11-01,60,12
1585,2012-11-02,36,11
1586,2012-11-03,158,11
1587,2012-11-04,161,8
1588,2012-11-05,127,10
1589,2012-11-06,46,11
1590,2012-11-07,124,11
1591,2012-11-08,120,9
1592,2012-11-09,161,8
1593,2012-11-10,161,9
1594,2012-11-11,150,9
1595,2012-11-12,161,9
1596,2012-11-13,190,8
1597,2012-11-14,166,6
1598,2012-11-15,64,9
1599,2012-11-16,60,11
1600,2012-11-17,52,11
1601,2012-11-18,46,10
1602,2012-11-19,63,11
1603,2012-11-20,67,11
1604,2012-11-21,168,9
1605,2012-11-22,194,7
1606,2012-11-23,152,8
1607,2012-11-24,107,9
1608,2012-11-25,146,9
1609,2012-11-26,184,9
1610,2012-11-27,177,7
1611,2012-11-28,216,6
1612,2012-11-29,136,8
1613,2012-11-30,192,10
1614,2012-12-01,175,8
1615,2012-12-02,188,6
1616,2012-12-03,179,8
1617,2012-12-04,69,11
1618,2012-12-05,55,11
1619,2012-12-06,133,9
1620,2012-12-07,199,8
1621,2012-12-08,183,9
1622,2012-12-09,192,8
1623,2012-12-10,264,7
1624,2012-12-11,221,6
1625,2012-12-12,155,7
1626,2012-12-13,215,7
1627,2012-12-14,235,7
1628,2012-12-15,162,7
1629,2012-12-16,110,9
1630,2012-12-17,89,10
1631,2012-12-18,133,11
1632,2012-12-19,50,10
1633,2012-12-20,47,11
1634,2012-12-21,131,9
1635,2012-12-22,142,8
1636,2012-12-23,182,7
1637,2012-12-24,130,9
1638,2012-12-25,49,12
1639,2012-12-26,61,12
1640,2012-12-27,167,10
1641,2012-12-28,194,8
1642,2012-12-29,144,10
1643,2012-12-30,165,10
1644,2012-12-31,199,8
1645,2013-01-01,323,8
1646,2013-01-02,263,10
1647,2013-01-03,175,8
1648,2013-01-04,205,7
1649,2013-01-05,169,8
1650,2013-01-06,180,10
1651,2013-01-07,32,13
1652,2013-01-08,92,11
1653,2013-01-09,116,9
1654,2013-01-10,107,11
1655,2013-01-11,48,11
1656,2013-01-12,85,11
1657,2013-01-13,144,8
1658,2013-01-14,193,7
1659,2013-01-15,205,7
1660,2013-01-16,135,9
1661,2013-01-17,196,9
1662,2013-01-18,289,12
1663,2013-01-19,65,12
1664,2013-01-20,71,12
1665,2013-01-21,30,12
1666,2013-01-22,79,11
1667,2013-01-23,112,11
1668,2013-01-24,75,12
1669,2013-01-25,39,12
1670,2013-01-26,119,12
1671,2013-01-27,151,8
1672,2013-01-28,213,7
1673,2013-01-29,198,5
1674,2013-01-30,217,7
1675,2013-01-31,275,6
1676,2013-02-01,267,6
1677,2013-02-02,303,7
1678,2013-02-03,248,8
1679,2013-02-04,224,13
1680,2013-02-05,283,8
1681,2013-02-06,289,12
1682,2013-02-07,132,10
1683,2013-02-08,29,14
1684,2013-02-09,122,11
1685,2013-02-10,197,8
1686,2013-02-11,173,6
1687,2013-02-12,213,4
1688,2013-02-13,176,7
1689,2013-02-14,204,5
1690,2013-02-15,181,13
1691,2013-02-16,256,13
1692,2013-02-17,147,9
1693,2013-02-18,127,9
1694,2013-02-19,184,9
1695,2013-02-20,147,8
1696,2013-02-21,183,9
1697,2013-02-22,223,8
1698,2013-02-23,295,9
1699,2013-02-24,153,10
1700,2013-02-25,170,9
1701,2013-02-26,221,11
1702,2013-02-27,283,9
1703,2013-02-28,142,13
1704,2013-03-01,84,13
1705,2013-03-02,49,13
1706,2013-03-03,91,11
1707,2013-03-04,177,10
1708,2013-03-05,46,10
1709,2013-03-06,92,10
1710,2013-03-07,58,10
1711,2013-03-08,168,10
1712,2013-03-09,223,7
1713,2013-03-10,211,8
1714,2013-03-11,227,8
1715,2013-03-12,225,11
1716,2013-03-13,227,11
1717,2013-03-14,215,8
1718,2013-03-15,295,10
1719,2013-03-16,209,9
1720,2013-03-17,193,6
1721,2013-03-18,165,9
1722,2013-03-19,215,11
1723,2013-03-20,248,11
1724,2013-03-21,231,8
1725,2013-03-22,242,9
1726,2013-03-23,236,11
1727,2013-03-24,309,9
1728,2013-03-25,278,10
1729,2013-03-26,227,10
1730,2013-03-27,232,11
1731,2013-03-28,275,10
1732,2013-03-29,301,9
1733,2013-03-30,259,7
1734,2013-03-31,294,7
1735,2013-04-01,242,9
1736,2013-04-02,233,13
1737,2013-04-03,257,10
1738,2013-04-04,249,9
1739,2013-04-05,286,7
1740,2013-04-06,220,13
1741,2013-04-07,238,12
1742,2013-04-08,260,8
1743,2013-04-09,237,10
1744,2013-04-10,280,9
1745,2013-04-11,284,9
1746,2013-04-12,242,9
1747,2013-04-13,228,8
1748,2013-04-14,264,9
1749,2013-04-15,226,13
1750,2013-04-16,220,17
1751,2013-04-17,223,16
1752,2013-04-18,225,16
1753,2013-04-19,224,15
1754,2013-04-20,223,17
1755,2013-04-21,230,13
1756,2013-04-22,231,10
1757,2013-04-23,235,10
1758,2013-04-24,239,10
1759,2013-04-25,272,9
1760,2013-04-26,301,10
1761,2013-04-27,293,10
1762,2013-04-28,272,10
1763,2013-04-29,281,10
1764,2013-04-30,282,10
1765,2013-05-01,212,9
1766,2013-05-02,232,11
1767,2013-05-03,219,15
1768,2013-05-04,220,17
1769,2013-05-05,225,15
1770,2013-05-06,222,14
1771,2013-05-07,225,14
1772,2013-05-08,228,12
1773,2013-05-09,223,12
1774,2013-05-10,230,14
1775,2013-05-11,220,16
1776,2013-05-12,224,16
1777,2013-05-13,225,16
1778,2013-05-14,227,14
1779,2013-05-15,222,16
1780,2013-05-16,221,19
1781,2013-05-17,225,17
1782,2013-05-18,224,16
1783,2013-05-19,224,16
1784,2013-05-20,226,14
1785,2013-05-21,220,18
1786,2013-05-22,223,16
1787,2013-05-23,224,19
1788,2013-05-24,228,20
1789,2013-05-25,231,21
1790,2013-05-26,229,19
1791,2013-05-27,234,18
1792,2013-05-28,237,18
1793,2013-05-29,238,16
1794,2013-05-30,240,16
1795,2013-05-31,229,17
1796,2013-06-01,232,18
1797,2013-06-02,232,16
1798,2013-06-03,225,13
1799,2013-06-04,224,14
1800,2013-06-05,229,15
1801,2013-06-06,229,16
1802,2013-06-07,226,10
1803,2013-06-08,213,12
1804,2013-06-09,205,20
1805,2013-06-10,202,19
1806,2013-06-11,200,17
1807,2013-06-12,199,18
1808,2013-06-13,202,18
1809,2013-06-14,213,16
1810,2013-06-15,206,15
1811,2013-06-16,205,13
1812,2013-06-17,218,14
1813,2013-06-18,213,13
1814,2013-06-19,214,12
1815,2013-06-20,215,15
1816,2013-06-21,219,16
1817,2013-06-22,226,17
1818,2013-06-23,221,17
1819,2013-06-24,217,18
1820,2013-06-25,211,16
1821,2013-06-26,214,16
1822,2013-06-27,221,17
1823,2013-06-28,215,18
1824,2013-06-29,214,21
1825,2013-06-30,216,19
1826,2013-07-01,215,18
1827,2013-07-02,225,15
1828,2013-07-03,249,16
1829,2013-07-04,240,17
1830,2013-07-05,218,15
1831,2013-07-06,209,16
1832,2013-07-07,210,15
1833,2013-07-08,215,16
1834,2013-07-09,221,19
1835,2013-07-10,226,17
1836,2013-07-11,232,13
1837,2013-07-12,258,14
1838,2013-07-13,235,15
1839,2013-07-14,237,17
1840,2013-07-15,234,15
1841,2013-07-16,233,18
1842,2013-07-17,238,15
1843,2013-07-18,240,18
1844,2013-07-19,236,17
1845,2013-07-20,219,14
1846,2013-07-21,229,16
1847,2013-07-22,229,16
1848,2013-07-23,207,12
1849,2013-07-24,236,15
1850,2013-07-25,226,18
1851,2013-07-26,240,19
1852,2013-07-27,229,17
1853,2013-07-28,230,18
1854,2013-07-29,232,18
1855,2013-07-30,226,16
1856,2013-07-31,236,15
1857,2013-08-01,229,11
1858,2013-08-02,235,15
1859,2013-08-03,215,16
1860,2013-08-04,227,14
1861,2013-08-05,231,14
1862,2013-08-06,222,13
1863,2013-08-07,220,14
1864,2013-08-08,224,15
1865,2013-08-09,236,16
1866,2013-08-10,236,16
1867,2013-08-11,222,17
1868,2013-08-12,216,15
1869,2013-08-13,226,15
1870,2013-08-14,219,14
1871,2013-08-15,218,15
1872,2013-08-16,211,14
1873,2013-08-17,216,14
1874,2013-08-18,232,14
1875,2013-08-19,241,17
1876,2013-08-20,247,17
1877,2013-08-21,248,14
1878,2013-08-22,244,14
1879,2013-08-23,249,13
1880,2013-08-24,254,13
1881,2013-08-25,231,12
1882,2013-08-26,229,14
1883,2013-08-27,224,12
1884,2013-08-28,222,12
1885,2013-08-29,218,13
1886,2013-08-30,220,13
1887,2013-08-31,222,12
1888,2013-09-01,218,11
1889,2013-09-02,220,11
1890,2013-09-03,228,12
1891,2013-09-04,221,13
1892,2013-09-05,225,12
1893,2013-09-06,225,11
1894,2013-09-07,232,9
1895,2013-09-08,240,8
1896,2013-09-09,251,6
1897,2013-09-10,205,5
1898,2013-09-11,167,6
1899,2013-09-12,153,6
1900,2013-09-13,194,5
1901,2013-09-14,222,6
1902,2013-09-15,221,9
1903,2013-09-16,217,9
1904,2013-09-17,279,7
1905,2013-09-18,281,6
1906,2013-09-19,252,8
1907,2013-09-20,233,12
1908,2013-09-21,228,14
1909,2013-09-22,235,16
1910,2013-09-23,240,14
1911,2013-09-24,228,16
1912,2013-09-25,194,19
1913,2013-09-26,194,17
1914,2013-09-27,199,14
1915,2013-09-28,206,16
1916,2013-09-29,223,16
1917,2013-09-30,222,15
1918,2013-10-01,204,12
1919,2013-10-02,201,8
1920,2013-10-03,230,7
1921,2013-10-04,224,9
1922,2013-10-05,215,8
1923,2013-10-06,208,10
1924,2013-10-07,207,9
1925,2013-10-08,213,9
1926,2013-10-09,198,11
1927,2013-10-10,191,11
1928,2013-10-11,217,8
1929,2013-10-12,230,6
1930,2013-10-13,230,7
1931,2013-10-14,218,8
1932,2013-10-15,231,7
1933,2013-10-16,153,6
1934,2013-10-17,52,9
1935,2013-10-18,58,8
1936,2013-10-19,88,8
1937,2013-10-20,125,8
1938,2013-10-21,81,8
1939,2013-10-22,62,10
1940,2013-10-23,58,13
1941,2013-10-24,44,12
1942,2013-10-25,33,12
1943,2013-10-26,46,11
1944,2013-10-27,154,9
1945,2013-10-28,196,6
1946,2013-10-29,218,6
1947,2013-10-30,166,8
1948,2013-10-31,121,9
1949,2013-11-01,132,8
1950,2013-11-02,90,10
1951,2013-11-03,89,10
1952,2013-11-04,101,10
1953,2013-11-05,177,10
1954,2013-11-06,174,7
1955,2013-11-07,168,7
1956,2013-11-08,164,9
1957,2013-11-09,76,12
1958,2013-11-10,48,12
1959,2013-11-11,126,10
1960,2013-11-12,159,9
1961,2013-11-13,125,9
1962,2013-11-14,42,10
1963,2013-11-15,63,11
1964,2013-11-16,56,13
1965,2013-11-17,59,13
1966,2013-11-18,52,12
1967,2013-11-19,38,12
1968,2013-11-20,118,10
1969,2013-11-21,49,10
1970,2013-11-22,64,11
1971,2013-11-23,135,11
1972,2013-11-24,132,9
1973,2013-11-25,127,9
1974,2013-11-26,40,10
1975,2013-11-27,60,11
1976,2013-11-28,70,13
1977,2013-11-29,55,13
1978,2013-11-30,48,12
1979,2013-12-01,127,10
1980,2013-12-02,162,9
1981,2013-12-03,106,13
1982,2013-12-04,39,10
1983,2013-12-05,87,10
1984,2013-12-06,88,10
1985,2013-12-07,50,10
1986,2013-12-08,129,9
1987,2013-12-09,121,10
1988,2013-12-10,129,9
1989,2013-12-11,128,10
1990,2013-12-12,44,11
1991,2013-12-13,48,11
1992,2013-12-14,124,9
1993,2013-12-15,111,9
1994,2013-12-16,115,9
1995,2013-12-17,154,10
1996,2013-12-18,155,9
1997,2013-12-19,184,6
1998,2013-12-20,104,8
1999,2013-12-21,190,10
2000,2013-12-22,108,12
2001,2013-12-23,75,12
2002,2013-12-24,50,11
2003,2013-12-25,157,10
2004,2013-12-26,140,10
2005,2013-12-27,253,12
2006,2013-12-28,138,12
2007,2013-12-29,184,9
2008,2013-12-30,234,8
2009,2013-12-31,132,13
2010,2014-01-01,76,10
2011,2014-01-02,121,11
2012,2014-01-03,168,9
2013,2014-01-04,259,10
2014,2014-01-05,176,10
2015,2014-01-06,64,11
2016,2014-01-07,129,10
2017,2014-01-08,191,11
2018,2014-01-09,293,9
2019,2014-01-10,204,11
2020,2014-01-11,20,11
2021,2014-01-12,81,11
2022,2014-01-13,196,9
2023,2014-01-14,206,10
2024,2014-01-15,133,11
2025,2014-01-16,134,9
2026,2014-01-17,324,9
2027,2014-01-18,27,12
2028,2014-01-19,86,12
2029,2014-01-20,186,9
2030,2014-01-21,195,5
2031,2014-01-22,148,9
2032,2014-01-23,23,12
2033,2014-01-24,102,12
2034,2014-01-25,42,12
2035,2014-01-26,57,12
2036,2014-01-27,60,14
2037,2014-01-28,54,11
2038,2014-01-29,134,10
2039,2014-01-30,51,11
2040,2014-01-31,57,11
2041,2014-02-01,137,9
2042,2014-02-02,170,9
2043,2014-02-03,203,9
2044,2014-02-04,141,11
2045,2014-02-05,150,10
2046,2014-02-06,163,9
2047,2014-02-07,269,8
2048,2014-02-08,296,9
2049,2014-02-09,209,9
2050,2014-02-10,179,8
2051,2014-02-11,319,8
2052,2014-02-12,162,10
2053,2014-02-13,222,14
2054,2014-02-14,244,13
2055,2014-02-15,227,9
2056,2014-02-16,184,9
2057,2014-02-17,54,13
2058,2014-02-18,128,10
2059,2014-02-19,191,8
2060,2014-02-20,262,8
2061,2014-02-21,243,11
2062,2014-02-22,244,8
2063,2014-02-23,67,10
2064,2014-02-24,178,10
2065,2014-02-25,201,9
2066,2014-02-26,211,11
2067,2014-02-27,221,12
2068,2014-02-28,254,11
2069,2014-03-01,209,9
2070,2014-03-02,37,11
2071,2014-03-03,42,13
2072,2014-03-04,170,10
2073,2014-03-05,168,8
2074,2014-03-06,174,7
2075,2014-03-07,122,6
2076,2014-03-08,130,7
2077,2014-03-09,204,9
2078,2014-03-10,218,10
2079,2014-03-11,223,10
2080,2014-03-12,171,9
2081,2014-03-13,171,10
2082,2014-03-14,186,7
2083,2014-03-15,255,6
2084,2014-03-16,263,7
2085,2014-03-17,232,10
2086,2014-03-18,248,10
2087,2014-03-19,175,9
2088,2014-03-20,190,9
2089,2014-03-21,258,10
2090,2014-03-22,244,9
2091,2014-03-23,238,9
2092,2014-03-24,218,9
2093,2014-03-25,210,9
2094,2014-03-26,243,10
2095,2014-03-27,190,9
2096,2014-03-28,268,8
2097,2014-03-29,306,8
2098,2014-03-30,195,10
2099,2014-03-31,294,9
2100,2014-04-01,283,10
2101,2014-04-02,250,8
2102,2014-04-03,228,7
2103,2014-04-04,210,7
2104,2014-04-05,240,8
2105,2014-04-06,264,9
2106,2014-04-07,260,9
2107,2014-04-08,229,10
2108,2014-04-09,231,11
2109,2014-04-10,233,11
2110,2014-04-11,231,10
2111,2014-04-12,227,11
2112,2014-04-13,226,12
2113,2014-04-14,230,11
2114,2014-04-15,227,11
2115,2014-04-16,231,11
2116,2014-04-17,222,15
2117,2014-04-18,229,13
2118,2014-04-19,238,11
2119,2014-04-20,245,9
2120,2014-04-21,212,7
2121,2014-04-22,242,7
2122,2014-04-23,237,9
2123,2014-04-24,218,9
2124,2014-04-25,265,9
2125,2014-04-26,213,8
2126,2014-04-27,229,9
2127,2014-04-28,222,12
2128,2014-04-29,227,12
2129,2014-04-30,229,13
2130,2014-05-01,231,12
2131,2014-05-02,222,14
2132,2014-05-03,226,13
2133,2014-05-04,225,13
2134,2014-05-05,228,10
2135,2014-05-06,229,9
2136,2014-05-07,268,8
2137,2014-05-08,237,12
2138,2014-05-09,221,10
2139,2014-05-10,226,17
2140,2014-05-11,227,17
2141,2014-05-12,237,15
2142,2014-05-13,237,14
2143,2014-05-14,243,13
2144,2014-05-15,247,13
2145,2014-05-16,245,12
2146,2014-05-17,238,12
2147,2014-05-18,255,10
2148,2014-05-19,219,9
2149,2014-05-20,307,11
2150,2014-05-21,275,11
2151,2014-05-22,226,14
2152,2014-05-23,226,16
2153,2014-05-24,231,14
2154,2014-05-25,225,14
2155,2014-05-26,226,13
2156,2014-05-27,223,14
2157,2014-05-28,224,16
2158,2014-05-29,222,18
2159,2014-05-30,226,20
2160,2014-05-31,227,17
2161,2014-06-01,230,14
2162,2014-06-02,233,13
2163,2014-06-03,222,17
2164,2014-06-04,225,18
2165,2014-06-05,222,15
2166,2014-06-06,224,18
2167,2014-06-07,224,19
2168,2014-06-08,226,19
2169,2014-06-09,229,18
2170,2014-06-10,233,15
2171,2014-06-11,215,18
2172,2014-06-12,215,18
2173,2014-06-13,217,20
2174,2014-06-14,219,20
2175,2014-06-15,211,20
2176,2014-06-16,202,19
2177,2014-06-17,211,19
2178,2014-06-18,209,18
2179,2014-06-19,214,20
2180,2014-06-20,222,22
2181,2014-06-21,226,24
2182,2014-06-22,229,25
2183,2014-06-23,233,24
2184,2014-06-24,235,23
2185,2014-06-25,234,22
2186,2014-06-26,234,18
2187,2014-06-27,237,15
2188,2014-06-28,236,17
2189,2014-06-29,234,19
2190,2014-06-30,238,19
2191,2014-07-01,237,20
2192,2014-07-02,234,19
2193,2014-07-03,227,19
2194,2014-07-04,236,17
2195,2014-07-05,237,16
2196,2014-07-06,231,16
2197,2014-07-07,231,17
2198,2014-07-08,229,18
2199,2014-07-09,216,18
2200,2014-07-10,209,17
2201,2014-07-11,210,16
2202,2014-07-12,217,17
2203,2014-07-13,201,15
2204,2014-07-14,200,14
2205,2014-07-15,208,15
2206,2014-07-16,211,15
2207,2014-07-17,206,20
2208,2014-07-18,227,18
2209,2014-07-19,226,17
2210,2014-07-20,233,18
2211,2014-07-21,232,17
2212,2014-07-22,236,17
2213,2014-07-23,252,19
2214,2014-07-24,238,19
2215,2014-07-25,222,15
2216,2014-07-26,223,16
2217,2014-07-27,234,15
2218,2014-07-28,225,14
2219,2014-07-29,231,13
2220,2014-07-30,243,15
2221,2014-07-31,219,15
2222,2014-08-01,204,18
2223,2014-08-02,207,20
2224,2014-08-03,222,20
2225,2014-08-04,231,17
2226,2014-08-05,221,17
2227,2014-08-06,224,15
2228,2014-08-07,225,18
2229,2014-08-08,212,18
2230,2014-08-09,201,16
2231,2014-08-10,209,14
2232,2014-08-11,216,13
2233,2014-08-12,223,16
2234,2014-08-13,225,18
2235,2014-08-14,227,19
2236,2014-08-15,218,20
2237,2014-08-16,217,19
2238,2014-08-17,221,13
2239,2014-08-18,215,10
2240,2014-08-19,234,8
2241,2014-08-20,232,9
2242,2014-08-21,227,9
2243,2014-08-22,230,10
2244,2014-08-23,191,5
2245,2014-08-24,192,6
2246,2014-08-25,223,8
2247,2014-08-26,233,11
2248,2014-08-27,220,12
2249,2014-08-28,229,10
2250,2014-08-29,233,8
2251,2014-08-30,212,6
2252,2014-08-31,194,5
2253,2014-09-01,149,6
2254,2014-09-02,183,15
2255,2014-09-03,195,21
2256,2014-09-04,207,22
2257,2014-09-05,218,15
2258,2014-09-06,238,13
2259,2014-09-07,248,12
2260,2014-09-08,253,12
2261,2014-09-09,253,14
2262,2014-09-10,235,10
2263,2014-09-11,212,12
2264,2014-09-12,213,12
2265,2014-09-13,215,11
2266,2014-09-14,219,11
2267,2014-09-15,220,10
2268,2014-09-16,226,10
2269,2014-09-17,226,10
2270,2014-09-18,227,10
2271,2014-09-19,238,9
2272,2014-09-20,243,9
2273,2014-09-21,229,10
2274,2014-09-22,218,10
2275,2014-09-23,232,9
2276,2014-09-24,230,7
2277,2014-09-25,238,7
2278,2014-09-26,224,4
2279,2014-09-27,196,5
2280,2014-09-28,152,6
2281,2014-09-29,146,7
2282,2014-09-30,208,5
2283,2014-10-01,212,4
2284,2014-10-02,149,7
2285,2014-10-03,158,7
2286,2014-10-04,278,5
2287,2014-10-05,253,5
2288,2014-10-06,236,5
2289,2014-10-07,250,7
2290,2014-10-08,242,6
2291,2014-10-09,179,6
2292,2014-10-10,136,7
2293,2014-10-11,166,8
2294,2014-10-12,209,7
2295,2014-10-13,123,8
2296,2014-10-14,202,6
2297,2014-10-15,141,8
2298,2014-10-16,129,9
2299,2014-10-17,121,7
2300,2014-10-18,128,8
2301,2014-10-19,180,8
2302,2014-10-20,167,8
2303,2014-10-21,107,9
2304,2014-10-22,67,9
2305,2014-10-23,105,9
2306,2014-10-24,91,7
2307,2014-10-25,139,9
2308,2014-10-26,107,11
2309,2014-10-27,144,7
2310,2014-10-28,74,8
2311,2014-10-29,183,7
2312,2014-10-30,182,7
2313,2014-10-31,192,7
2314,2014-11-01,186,8
2315,2014-11-02,141,9
2316,2014-11-03,171,9
2317,2014-11-04,206,9
2318,2014-11-05,179,7
2319,2014-11-06,210,7
2320,2014-11-07,209,8
2321,2014-11-08,37,11
2322,2014-11-09,66,11
2323,2014-11-10,62,10
2324,2014-11-11,154,6
2325,2014-11-12,181,7
2326,2014-11-13,153,8
2327,2014-11-14,93,9
2328,2014-11-15,138,6
2329,2014-11-16,169,4
2330,2014-11-17,177,6
2331,2014-11-18,154,8
2332,2014-11-19,142,10
2333,2014-11-20,128,9
2334,2014-11-21,126,8
2335,2014-11-22,167,8
2336,2014-11-23,123,8
2337,2014-11-24,101,9
2338,2014-11-25,143,10
2339,2014-11-26,130,9
2340,2014-11-27,126,8
2341,2014-11-28,177,7
2342,2014-11-29,127,7
2343,2014-11-30,133,8
2344,2014-12-01,87,9
2345,2014-12-02,94,9
2346,2014-12-03,89,10
2347,2014-12-04,53,11
2348,2014-12-05,65,12
2349,2014-12-06,61,12
2350,2014-12-07,135,10
2351,2014-12-08,122,8
2352,2014-12-09,155,9
2353,2014-12-10,187,10
2354,2014-12-11,161,8
2355,2014-12-12,220,7
2356,2014-12-13,240,9
2357,2014-12-14,183,10
2358,2014-12-15,40,13
2359,2014-12-16,61,16
2360,2014-12-17,65,15
2361,2014-12-18,72,12
2362,2014-12-19,60,12
2363,2014-12-20,49,11
2364,2014-12-21,130,9
2365,2014-12-22,182,8
2366,2014-12-23,150,9
2367,2014-12-24,104,11
2368,2014-12-25,78,11
2369,2014-12-26,49,14
2370,2014-12-27,62,13
2371,2014-12-28,60,12
2372,2014-12-29,137,10
2373,2014-12-30,189,8
2374,2014-12-31,171,8
2375,2015-01-01,164,7
2376,2015-01-02,159,9
2377,2015-01-03,159,9
2378,2015-01-04,50,12
2379,2015-01-05,48,12
2380,2015-01-06,156,10
2381,2015-01-07,147,9
2382,2015-01-08,61,9
2383,2015-01-09,68,11
2384,2015-01-10,48,11
2385,2015-01-11,41,11
2386,2015-01-12,50,10
2387,2015-01-13,166,9
2388,2015-01-14,203,8
2389,2015-01-15,37,10
2390,2015-01-16,72,12
2391,2015-01-17,77,11
2392,2015-01-18,153,10
2393,2015-01-19,162,8
2394,2015-01-20,212,11
2395,2015-01-21,191,6
2396,2015-01-22,260,8
2397,2015-01-23,103,12
2398,2015-01-24,35,12
2399,2015-01-25,199,9
2400,2015-01-26,300,11
2401,2015-01-27,96,14
2402,2015-01-28,27,16
2403,2015-01-29,32,15
2404,2015-01-30,61,17
2405,2015-01-31,168,9
2406,2015-02-01,189,10
2407,2015-02-02,224,7
2408,2015-02-03,176,9
2409,2015-02-04,44,11
2410,2015-02-05,156,11
2411,2015-02-06,166,8
2412,2015-02-07,198,9
2413,2015-02-08,288,11
2414,2015-02-09,49,14
2415,2015-02-10,130,10
2416,2015-02-11,228,9
2417,2015-02-12,176,9
2418,2015-02-13,108,9
2419,2015-02-14,178,7
2420,2015-02-15,274,7
2421,2015-02-16,250,8
2422,2015-02-17,282,8
2423,2015-02-18,235,7
2424,2015-02-19,205,8
2425,2015-02-20,242,8
2426,2015-02-21,54,10
2427,2015-02-22,56,9
2428,2015-02-23,185,9
2429,2015-02-24,244,9
2430,2015-02-25,296,11
2431,2015-02-26,275,10
2432,2015-02-27,202,7
2433,2015-02-28,201,15
2434,2015-03-01,201,19
2435,2015-03-02,230,12
2436,2015-03-03,235,8
2437,2015-03-04,223,6
2438,2015-03-05,165,9
2439,2015-03-06,148,9
2440,2015-03-07,174,9
2441,2015-03-08,229,9
2442,2015-03-09,67,13
2443,2015-03-10,61,14
2444,2015-03-11,214,10
2445,2015-03-12,205,9
2446,2015-03-13,201,10
2447,2015-03-14,187,9
2448,2015-03-15,217,9
2449,2015-03-16,219,8
2450,2015-03-17,238,9
2451,2015-03-18,224,9
2452,2015-03-19,115,11
2453,2015-03-20,166,10
2454,2015-03-21,183,9
2455,2015-03-22,266,9
2456,2015-03-23,239,10
2457,2015-03-24,230,8
2458,2015-03-25,140,7
2459,2015-03-26,227,11
2460,2015-03-27,229,13
2461,2015-03-28,223,14
2462,2015-03-29,235,14
2463,2015-03-30,241,12
2464,2015-03-31,259,12
2465,2015-04-01,231,12
2466,2015-04-02,222,16
2467,2015-04-03,226,18
2468,2015-04-04,227,19
2469,2015-04-05,231,14
2470,2015-04-06,222,13
2471,2015-04-07,231,12
2472,2015-04-08,232,11
2473,2015-04-09,224,13
2474,2015-04-10,228,15
2475,2015-04-11,220,19
2476,2015-04-12,200,16
2477,2015-04-13,238,11
2478,2015-04-14,240,10
2479,2015-04-15,232,11
2480,2015-04-16,241,8
2481,2015-04-17,248,10
2482,2015-04-18,227,15
2483,2015-04-19,228,11
2484,2015-04-20,252,11
2485,2015-04-21,232,12
2486,2015-04-22,220,18
2487,2015-04-23,222,19
2488,2015-04-24,225,17
2489,2015-04-25,222,18
2490,2015-04-26,215,18
2491,2015-04-27,220,17
2492,2015-04-28,243,12
2493,2015-04-29,222,17
2494,2015-04-30,219,20
2495,2015-05-01,223,17
2496,2015-05-02,222,17
2497,2015-05-03,221,16
2498,2015-05-04,235,11
2499,2015-05-05,223,11
2500,2015-05-06,231,13
2501,2015-05-07,212,10
2502,2015-05-08,271,12
2503,2015-05-09,287,12
2504,2015-05-10,235,13
2505,2015-05-11,253,12
2506,2015-05-12,232,16
2507,2015-05-13,225,17
2508,2015-05-14,234,16
2509,2015-05-15,244,13
2510,2015-05-16,239,16
2511,2015-05-17,233,16
2512,2015-05-18,227,17
2513,2015-05-19,229,20
2514,2015-05-20,235,19
2515,2015-05-21,226,21
2516,2015-05-22,225,22
2517,2015-05-23,224,25
2518,2015-05-24,225,27
2519,2015-05-25,230,26
2520,2015-05-26,226,24
2521,2015-05-27,228,22
2522,2015-05-28,228,21
2523,2015-05-29,234,17
2524,2015-05-30,230,16
2525,2015-05-31,238,15
2526,2015-06-01,220,25
2527,2015-06-02,220,23
2528,2015-06-03,231,19
2529,2015-06-04,241,14
2530,2015-06-05,227,16
2531,2015-06-06,232,13
2532,2015-06-07,220,18
2533,2015-06-08,208,16
2534,2015-06-09,222,18
2535,2015-06-10,213,17
2536,2015-06-11,219,15
2537,2015-06-12,217,18
2538,2015-06-13,214,20
2539,2015-06-14,221,17
2540,2015-06-15,197,13
2541,2015-06-16,215,17
2542,2015-06-17,199,18
2543,2015-06-18,196,18
2544,2015-06-19,181,18
2545,2015-06-20,178,20
2546,2015-06-21,183,19
2547,2015-06-22,193,24
2548,2015-06-23,177,25
2549,2015-06-24,221,36
2550,2015-06-25,226,27
2551,2015-06-26,227,24
2552,2015-06-27,221,22
2553,2015-06-28,225,18
2554,2015-06-29,223,16
2555,2015-06-30,222,17
2556,2015-07-01,228,20
2557,2015-07-02,235,19
2558,2015-07-03,239,21
2559,2015-07-04,236,25
2560,2015-07-05,234,27
2561,2015-07-06,229,29
2562,2015-07-07,232,28
2563,2015-07-08,240,23
2564,2015-07-09,243,24
2565,2015-07-10,242,25
2566,2015-07-11,239,23
2567,2015-07-12,225,18
2568,2015-07-13,226,16
2569,2015-07-14,231,17
2570,2015-07-15,234,21
2571,2015-07-16,234,23
2572,2015-07-17,233,24
2573,2015-07-18,242,22
2574,2015-07-19,244,20
2575,2015-07-20,229,15
2576,2015-07-21,230,14
2577,2015-07-22,206,10
2578,2015-07-23,191,17
2579,2015-07-24,212,17
2580,2015-07-25,232,20
2581,2015-07-26,229,23
2582,2015-07-27,221,30
2583,2015-07-28,231,31
2584,2015-07-29,231,26
2585,2015-07-30,239,24
2586,2015-07-31,239,21
2587,2015-08-01,239,21
2588,2015-08-02,242,18
2589,2015-08-03,254,18
2590,2015-08-04,256,19
2591,2015-08-05,257,21
2592,2015-08-06,242,21
2593,2015-08-07,236,16
2594,2015-08-08,225,13
2595,2015-08-09,210,12
2596,2015-08-10,199,12
2597,2015-08-11,205,9
2598,2015-08-12,207,10
2599,2015-08-13,213,14
2600,2015-08-14,210,14
2601,2015-08-15,218,15
2602,2015-08-16,222,15
2603,2015-08-17,219,14
2604,2015-08-18,212,15
2605,2015-08-19,220,13
2606,2015-08-20,226,15
2607,2015-08-21,237,18
2608,2015-08-22,250,16
2609,2015-08-23,244,18
2610,2015-08-24,229,16
2611,2015-08-25,236,12
2612,2015-08-26,252,14
2613,2015-08-27,234,11
2614,2015-08-28,233,12
2615,2015-08-29,219,11
2616,2015-08-30,209,13
2617,2015-08-31,213,13
2618,2015-09-01,201,11
2619,2015-09-02,206,11
2620,2015-09-03,210,10
2621,2015-09-04,222,6
2622,2015-09-05,223,14
2623,2015-09-06,229,13
2624,2015-09-07,233,12
2625,2015-09-08,220,9
2626,2015-09-09,230,8
2627,2015-09-10,256,7
2628,2015-09-11,171,5
2629,2015-09-12,222,10
2630,2015-09-13,219,12
2631,2015-09-14,218,9
2632,2015-09-15,241,8
2633,2015-09-16,250,12
2634,2015-09-17,233,10
2635,2015-09-18,238,9
2636,2015-09-19,232,9
2637,2015-09-20,238,10
2638,2015-09-21,200,22
2639,2015-09-22,213,19
2640,2015-09-23,210,12
2641,2015-09-24,217,9
2642,2015-09-25,214,10
2643,2015-09-26,221,9
2644,2015-09-27,253,7
2645,2015-09-28,170,6
2646,2015-09-29,47,9
2647,2015-09-30,67,11
2648,2015-10-01,64,11
2649,2015-10-02,181,8
2650,2015-10-03,213,10
2651,2015-10-04,233,8
2652,2015-10-05,164,5
2653,2015-10-06,127,6
2654,2015-10-07,161,7
2655,2015-10-08,133,7
2656,2015-10-09,210,10
2657,2015-10-10,217,10
2658,2015-10-11,231,6
2659,2015-10-12,191,6
2660,2015-10-13,152,5
2661,2015-10-14,138,7
2662,2015-10-15,34,8
2663,2015-10-16,70,9
2664,2015-10-17,76,8
2665,2015-10-18,158,7
2666,2015-10-19,176,5
2667,2015-10-20,169,5
2668,2015-10-21,24,7
2669,2015-10-22,109,9
2670,2015-10-23,174,8
2671,2015-10-24,188,9
2672,2015-10-25,99,8
2673,2015-10-26,80,8
2674,2015-10-27,73,8
2675,2015-10-28,167,10
2676,2015-10-29,24,12
2677,2015-10-30,59,13
2678,2015-10-31,55,13
2679,2015-11-01,59,10
2680,2015-11-02,125,9
2681,2015-11-03,51,8
2682,2015-11-04,133,8
2683,2015-11-05,167,8
2684,2015-11-06,157,8
2685,2015-11-07,166,7
2686,2015-11-08,151,7
2687,2015-11-09,144,7
2688,2015-11-10,64,9
2689,2015-11-11,55,11
2690,2015-11-12,64,10
2691,2015-11-13,95,8
2692,2015-11-14,90,8
2693,2015-11-15,83,9
2694,2015-11-16,26,11
2695,2015-11-17,114,10
2696,2015-11-18,65,14
2697,2015-11-19,72,14
2698,2015-11-20,73,14
2699,2015-11-21,69,10
2700,2015-11-22,127,5
2701,2015-11-23,126,8
2702,2015-11-24,108,7
2703,2015-11-25,86,7
2704,2015-11-26,53,6
2705,2015-11-27,212,10
2706,2015-11-28,100,6
2707,2015-11-29,142,7
2708,2015-11-30,172,8
2709,2015-12-01,145,8
2710,2015-12-02,97,11
2711,2015-12-03,184,11
2712,2015-12-04,183,9
2713,2015-12-05,142,8
2714,2015-12-06,62,9
2715,2015-12-07,72,9
2716,2015-12-08,107,6
2717,2015-12-09,192,8
2718,2015-12-10,257,6
2719,2015-12-11,211,10
2720,2015-12-12,185,9
2721,2015-12-13,112,8
2722,2015-12-14,66,12
2723,2015-12-15,31,11
2724,2015-12-16,187,10
2725,2015-12-17,52,12
2726,2015-12-18,92,10
2727,2015-12-19,87,10
2728,2015-12-20,80,10
2729,2015-12-21,130,8
2730,2015-12-22,220,8
2731,2015-12-23,58,12
2732,2015-12-24,45,14
2733,2015-12-25,60,15
2734,2015-12-26,63,13
2735,2015-12-27,67,13
2736,2015-12-28,125,9
2737,2015-12-29,141,8
2738,2015-12-30,169,7
2739,2015-12-31,123,7
2740,2016-01-01,148,9
2741,2016-01-02,139,9
2742,2016-01-03,111,8
2743,2016-01-04,151,9
2744,2016-01-05,105,9
2745,2016-01-06,109,7
2746,2016-01-07,162,9
2747,2016-01-08,137,11
2748,2016-01-09,130,9
2749,2016-01-10,187,7
2750,2016-01-11,160,8
2751,2016-01-12,130,8
2752,2016-01-13,171,9
2753,2016-01-14,140,10
2754,2016-01-15,214,10
2755,2016-01-16,182,8
2756,2016-01-17,261,6
2757,2016-01-18,291,8
2758,2016-01-19,241,7
2759,2016-01-20,41,10
2760,2016-01-21,63,14
2761,2016-01-22,51,10
2762,2016-01-23,61,10
2763,2016-01-24,148,9
2764,2016-01-25,129,9
2765,2016-01-26,275,7
2766,2016-01-27,170,7
2767,2016-01-28,106,10
2768,2016-01-29,123,8
2769,2016-01-30,219,9
2770,2016-01-31,221,10
2771,2016-02-01,259,9
2772,2016-02-02,165,10
2773,2016-02-03,110,11
2774,2016-02-04,57,13
2775,2016-02-05,171,8
2776,2016-02-06,251,9
2777,2016-02-07,224,8
2778,2016-02-08,115,6
2779,2016-02-09,176,8
2780,2016-02-10,286,7
2781,2016-02-11,210,7
2782,2016-02-12,225,9
2783,2016-02-13,174,8
2784,2016-02-14,256,11
2785,2016-02-15,335,9
2786,2016-02-16,220,8
2787,2016-02-17,216,10
2788,2016-02-18,197,7
2789,2016-02-19,233,10
2790,2016-02-20,290,10
2791,2016-02-21,291,10
2792,2016-02-22,206,7
2793,2016-02-23,68,10
2794,2016-02-24,171,6
2795,2016-02-25,231,7
2796,2016-02-26,128,8
2797,2016-02-27,57,16
2798,2016-02-28,171,8
2799,2016-02-29,212,9
2800,2016-03-01,208,8
2801,2016-03-02,221,10
2802,2016-03-03,227,6
2803,2016-03-04,228,6
2804,2016-03-05,248,9
2805,2016-03-06,258,7
2806,2016-03-07,180,9
2807,2016-03-08,207,9
2808,2016-03-09,182,8
2809,2016-03-10,211,7
2810,2016-03-11,319,10
2811,2016-03-12,276,11
2812,2016-03-13,243,13
2813,2016-03-14,251,10
2814,2016-03-15,245,7
2815,2016-03-16,243,7
2816,2016-03-17,245,9
2817,2016-03-18,232,10
2818,2016-03-19,243,10
2819,2016-03-20,241,9
2820,2016-03-21,289,8
2821,2016-03-22,284,9
2822,2016-03-23,192,8
2823,2016-03-24,128,6
2824,2016-03-25,241,8
2825,2016-03-26,286,10
2826,2016-03-27,303,8
2827,2016-03-28,243,8
2828,2016-03-29,247,7
2829,2016-03-30,236,9
2830,2016-03-31,237,10
2831,2016-04-01,230,10
2832,2016-04-02,227,10
2833,2016-04-03,239,11
2834,2016-04-04,259,9
2835,2016-04-05,208,7
2836,2016-04-06,235,11
2837,2016-04-07,265,9
2838,2016-04-08,301,8
2839,2016-04-09,313,10
2840,2016-04-10,299,9
2841,2016-04-11,268,10
2842,2016-04-12,284,11
2843,2016-04-13,236,11
2844,2016-04-14,240,10
2845,2016-04-15,232,11
2846,2016-04-16,235,11
2847,2016-04-17,244,11
2848,2016-04-18,238,12
2849,2016-04-19,233,12
2850,2016-04-20,221,13
2851,2016-04-21,230,14
2852,2016-04-22,225,20
2853,2016-04-23,226,18
2854,2016-04-24,225,16
2855,2016-04-25,227,14
2856,2016-04-26,275,11
2857,2016-04-27,300,9
2858,2016-04-28,255,10
2859,2016-04-29,228,13
2860,2016-04-30,220,15
2861,2016-05-01,226,16
2862,2016-05-02,220,17
2863,2016-05-03,223,14
2864,2016-05-04,220,14
2865,2016-05-05,223,14
2866,2016-05-06,229,15
2867,2016-05-07,225,13
2868,2016-05-08,222,14
2869,2016-05-09,218,15
2870,2016-05-10,222,14
2871,2016-05-11,223,14
2872,2016-05-12,227,13
2873,2016-05-13,225,14
2874,2016-05-14,228,12
2875,2016-05-15,242,12
2876,2016-05-16,236,13
2877,2016-05-17,235,13
2878,2016-05-18,229,15
2879,2016-05-19,229,17
2880,2016-05-20,235,16
2881,2016-05-21,228,18
2882,2016-05-22,228,24
2883,2016-05-23,230,26
2884,2016-05-24,231,22
2885,2016-05-25,231,22
2886,2016-05-26,233,21
2887,2016-05-27,238,17
2888,2016-05-28,229,16
2889,2016-05-29,235,22
2890,2016-05-30,233,18
2891,2016-05-31,240,16
2892,2016-06-01,227,18
2893,2016-06-02,244,14
2894,2016-06-03,239,15
2895,2016-06-04,233,16
2896,2016-06-05,230,17
2897,2016-06-06,222,19
2898,2016-06-07,227,18
2899,2016-06-08,226,19
2900,2016-06-09,228,21
2901,2016-06-10,238,23
2902,2016-06-11,237,24
2903,2016-06-12,238,22
2904,2016-06-13,237,23
2905,2016-06-14,234,24
2906,2016-06-15,238,26
2907,2016-06-16,220,19
2908,2016-06-17,238,19
2909,2016-06-18,244,18
2910,2016-06-19,249,16
2911,2016-06-20,234,14
2912,2016-06-21,222,12
2913,2016-06-22,213,16
2914,2016-06-23,212,15
2915,2016-06-24,202,15
2916,2016-06-25,191,16
2917,2016-06-26,205,19
2918,2016-06-27,199,18
2919,2016-06-28,202,14
2920,2016-06-29,219,16
2921,2016-06-30,202,16
2922,2016-07-01,207,18
2923,2016-07-02,220,22
2924,2016-07-03,209,18
2925,2016-07-04,212,14
2926,2016-07-05,232,16
2927,2016-07-06,236,19
2928,2016-07-07,244,19
2929,2016-07-08,253,20
2930,2016-07-09,243,17
2931,2016-07-10,259,16
2932,2016-07-11,248,13
2933,2016-07-12,208,11
2934,2016-07-13,210,15
2935,2016-07-14,208,16
2936,2016-07-15,209,16
2937,2016-07-16,199,17
2938,2016-07-17,205,17
2939,2016-07-18,217,17
2940,2016-07-19,226,17
2941,2016-07-20,222,16
2942,2016-07-21,227,17
2943,2016-07-22,232,16
2944,2016-07-23,227,18
2945,2016-07-24,230,19
2946,2016-07-25,230,18
2947,2016-07-26,229,18
2948,2016-07-27,228,18
2949,2016-07-28,224,10
2950,2016-07-29,242,13
2951,2016-07-30,233,12
2952,2016-07-31,249,14
2953,2016-08-01,251,13
2954,2016-08-02,260,16
2955,2016-08-03,251,17
2956,2016-08-04,241,15
2957,2016-08-05,234,18
2958,2016-08-06,240,17
2959,2016-08-07,233,18
2960,2016-08-08,224,17
2961,2016-08-09,231,21
2962,2016-08-10,235,16
2963,2016-08-11,227,15
2964,2016-08-12,236,16
2965,2016-08-13,242,15
2966,2016-08-14,239,16
2967,2016-08-15,242,17
2968,2016-08-16,239,16
2969,2016-08-17,228,17
2970,2016-08-18,225,12
2971,2016-08-19,241,14
2972,2016-08-20,236,14
2973,2016-08-21,227,15
2974,2016-08-22,223,14
2975,2016-08-23,230,15
2976,2016-08-24,238,15
2977,2016-08-25,217,16
2978,2016-08-26,215,10
2979,2016-08-27,201,10
2980,2016-08-28,203,12
2981,2016-08-29,209,13
2982,2016-08-30,216,13
2983,2016-08-31,226,15
2984,2016-09-01,214,14
2985,2016-09-02,224,12
2986,2016-09-03,233,12
2987,2016-09-04,231,13
2988,2016-09-05,235,14
2989,2016-09-06,231,12
2990,2016-09-07,208,11
2991,2016-09-08,220,10
2992,2016-09-09,225,10
2993,2016-09-10,227,10
2994,2016-09-11,232,9
2995,2016-09-12,214,9
2996,2016-09-13,223,8
2997,2016-09-14,246,7
2998,2016-09-15,234,8
2999,2016-09-16,212,8
3000,2016-09-17,224,5
3001,2016-09-18,218,6
3002,2016-09-19,216,9
3003,2016-09-20,217,10
3004,2016-09-21,222,5
3005,2016-09-22,295,7
3006,2016-09-23,282,9
3007,2016-09-24,278,8
3008,2016-09-25,262,9
3009,2016-09-26,260,9
3010,2016-09-27,255,8
3011,2016-09-28,255,8
3012,2016-09-29,247,9
3013,2016-09-30,253,9
3014,2016-10-01,262,7
3015,2016-10-02,208,8
3016,2016-10-03,207,9
3017,2016-10-04,193,12
3018,2016-10-05,208,16
3019,2016-10-06,205,13
3020,2016-10-07,201,11
3021,2016-10-08,223,8
3022,2016-10-09,226,8
3023,2016-10-10,221,8
3024,2016-10-11,221,7
3025,2016-10-12,218,7
3026,2016-10-13,260,6
3027,2016-10-14,167,5
3028,2016-10-15,122,5
3029,2016-10-16,176,5
3030,2016-10-17,114,5
3031,2016-10-18,81,6
3032,2016-10-19,161,6
3033,2016-10-20,150,5
3034,2016-10-21,159,7
3035,2016-10-22,149,6
3036,2016-10-23,177,5
3037,2016-10-24,235,5
3038,2016-10-25,208,5
3039,2016-10-26,136,6
3040,2016-10-27,60,9
3041,2016-10-28,58,7
3042,2016-10-29,80,9
3043,2016-10-30,66,10
3044,2016-10-31,64,10
3045,2016-11-01,69,12
3046,2016-11-02,64,11
3047,2016-11-03,64,10
3048,2016-11-04,43,8
3049,2016-11-05,44,9
3050,2016-11-06,65,8
3051,2016-11-07,55,8
3052,2016-11-08,84,8
3053,2016-11-09,60,8
3054,2016-11-10,139,8
3055,2016-11-11,90,8
3056,2016-11-12,53,8
3057,2016-11-13,60,10
3058,2016-11-14,45,10
3059,2016-11-15,44,10
3060,2016-11-16,54,11
3061,2016-11-17,60,11
3062,2016-11-18,62,11
3063,2016-11-19,65,9
3064,2016-11-20,67,8
3065,2016-11-21,63,9
3066,2016-11-22,59,9
3067,2016-11-23,55,8
3068,2016-11-24,67,10
3069,2016-11-25,68,11
3070,2016-11-26,65,10
3071,2016-11-27,58,9
3072,2016-11-28,50,8
3073,2016-11-29,87,8
3074,2016-11-30,119,7
3075,2016-12-01,78,9
3076,2016-12-02,55,12
3077,2016-12-03,59,12
3078,2016-12-04,57,11
3079,2016-12-05,49,9
3080,2016-12-06,60,11
3081,2016-12-07,69,10
3082,2016-12-08,62,9
3083,2016-12-09,58,8
3084,2016-12-10,89,8
3085,2016-12-11,41,9
3086,2016-12-12,27,11
3087,2016-12-13,79,10
3088,2016-12-14,56,12
3089,2016-12-15,47,11
3090,2016-12-16,44,10
3091,2016-12-17,39,9
3092,2016-12-18,81,8
3093,2016-12-19,46,10
3094,2016-12-20,58,11
3095,2016-12-21,128,7
3096,2016-12-22,81,8
3097,2016-12-23,167,8
3098,2016-12-24,179,7
3099,2016-12-25,22,10
3100,2016-12-26,49,13
3101,2016-12-27,54,12
3102,2016-12-28,61,9
3103,2016-12-29,56,8
3104,2016-12-30,129,7
3105,2016-12-31,168,7
3106,2017-01-01,150,7
3107,2017-01-02,27,9
3108,2017-01-03,62,12
3109,2017-01-04,135,9
3110,2017-01-05,157,7
3111,2017-01-06,227,5
3112,2017-01-07,204,8
3113,2017-01-08,187,8
3114,2017-01-09,250,8
3115,2017-01-10,20,9
3116,2017-01-11,106,10
3117,2017-01-12,45,11
3118,2017-01-13,55,13
3119,2017-01-14,123,9
3120,2017-01-15,165,8
3121,2017-01-16,208,8
3122,2017-01-17,258,9
3123,2017-01-18,139,9
3124,2017-01-19,87,8
3125,2017-01-20,67,10
3126,2017-01-21,174,9
3127,2017-01-22,122,8
3128,2017-01-23,170,8
3129,2017-01-24,180,7
3130,2017-01-25,154,6
3131,2017-01-26,240,8
3132,2017-01-27,17,12
3133,2017-01-28,50,12
3134,2017-01-29,168,9
3135,2017-01-30,142,8
3136,2017-01-31,178,10
3137,2017-02-01,137,9
3138,2017-02-02,150,8
3139,2017-02-03,185,8
3140,2017-02-04,228,9
3141,2017-02-05,292,9
3142,2017-02-06,135,11
3143,2017-02-07,135,8
3144,2017-02-08,211,9
3145,2017-02-09,139,11
3146,2017-02-10,177,8
3147,2017-02-11,283,8
3148,2017-02-12,223,6
3149,2017-02-13,44,10
3150,2017-02-14,139,8
3151,2017-02-15,139,7
3152,2017-02-16,68,9
3153,2017-02-17,57,8
3154,2017-02-18,55,8
3155,2017-02-19,154,8
3156,2017-02-20,267,9
3157,2017-02-21,224,10
3158,2017-02-22,245,8
3159,2017-02-23,179,8
3160,2017-02-24,28,11
3161,2017-02-25,52,11
3162,2017-02-26,120,9
3163,2017-02-27,169,8
3164,2017-02-28,161,8
3165,2017-03-01,170,10
3166,2017-03-02,241,9
3167,2017-03-03,224,8
3168,2017-03-04,239,7
3169,2017-03-05,174,9
3170,2017-03-06,200,9
3171,2017-03-07,227,8
3172,2017-03-08,249,8
3173,2017-03-09,228,10
3174,2017-03-10,236,15
3175,2017-03-11,254,11
3176,2017-03-12,132,7
3177,2017-03-13,149,9
3178,2017-03-14,43,10
3179,2017-03-15,173,10
3180,2017-03-16,226,10
3181,2017-03-17,254,10
3182,2017-03-18,226,10
3183,2017-03-19,236,9
3184,2017-03-20,174,7
3185,2017-03-21,237,6
3186,2017-03-22,250,7
3187,2017-03-23,249,8
3188,2017-03-24,282,8
3189,2017-03-25,290,8
3190,2017-03-26,289,8
3191,2017-03-27,160,8
3192,2017-03-28,328,11
3193,2017-03-29,264,10
3194,2017-03-30,235,10
3195,2017-03-31,257,9
3196,2017-04-01,248,10
3197,2017-04-02,222,14
3198,2017-04-03,218,15
3199,2017-04-04,216,16
3200,2017-04-05,218,17
3201,2017-04-06,217,17
3202,2017-04-07,256,10
3203,2017-04-08,222,8
3204,2017-04-09,147,9
3205,2017-04-10,30,9
3206,2017-04-11,78,10
3207,2017-04-12,275,8
3208,2017-04-13,235,7
3209,2017-04-14,231,11
3210,2017-04-15,235,12
3211,2017-04-16,256,9
3212,2017-04-17,244,10
3213,2017-04-18,262,11
3214,2017-04-19,228,12
3215,2017-04-20,217,20
3216,2017-04-21,219,18
3217,2017-04-22,220,17
3218,2017-04-23,225,15
3219,2017-04-24,227,14
3220,2017-04-25,228,13
3221,2017-04-26,230,12
3222,2017-04-27,225,10
3223,2017-04-28,228,13
3224,2017-04-29,217,14
3225,2017-04-30,219,14
3226,2017-05-01,222,12
3227,2017-05-02,217,11
3228,2017-05-03,219,12
3229,2017-05-04,228,10
3230,2017-05-05,245,9
3231,2017-05-06,238,10
3232,2017-05-07,216,14
3233,2017-05-08,227,13
3234,2017-05-09,220,15
3235,2017-05-10,226,14
3236,2017-05-11,225,12
3237,2017-05-12,263,8
3238,2017-05-13,256,9
3239,2017-05-14,236,13
3240,2017-05-15,221,18
3241,2017-05-16,226,18
3242,2017-05-17,223,18
3243,2017-05-18,221,17
3244,2017-05-19,218,18
3245,2017-05-20,222,16
3246,2017-05-21,225,17
3247,2017-05-22,234,15
3248,2017-05-23,247,12
3249,2017-05-24,228,13
3250,2017-05-25,223,16
3251,2017-05-26,222,19
3252,2017-05-27,223,22
3253,2017-05-28,221,23
3254,2017-05-29,224,25
3255,2017-05-30,230,21
3256,2017-05-31,227,18
3257,2017-06-01,229,12
3258,2017-06-02,231,9
3259,2017-06-03,230,14
3260,2017-06-04,221,17
3261,2017-06-05,224,18
3262,2017-06-06,223,17
3263,2017-06-07,221,18
3264,2017-06-08,223,16
3265,2017-06-09,240,15
3266,2017-06-10,226,9
3267,2017-06-11,238,11
3268,2017-06-12,218,15
3269,2017-06-13,224,18
3270,2017-06-14,227,15
3271,2017-06-15,232,17
3272,2017-06-16,228,17
3273,2017-06-17,229,18
3274,2017-06-18,240,18
3275,2017-06-19,233,20
3276,2017-06-20,230,21
3277,2017-06-21,224,23
3278,2017-06-22,229,19
3279,2017-06-23,229,17
3280,2017-06-24,220,15
3281,2017-06-25,202,14
3282,2017-06-26,188,15
3283,2017-06-27,187,20
3284,2017-06-28,201,23
3285,2017-06-29,208,22
3286,2017-06-30,225,24
3287,2017-07-01,232,19
3288,2017-07-02,233,18
3289,2017-07-03,234,17
3290,2017-07-04,232,18
3291,2017-07-05,237,20
3292,2017-07-06,229,19
3293,2017-07-07,222,17
3294,2017-07-08,226,14
3295,2017-07-09,226,14
3296,2017-07-10,222,17
3297,2017-07-11,235,19
3298,2017-07-12,234,20
3299,2017-07-13,251,17
3300,2017-07-14,258,13
3301,2017-07-15,249,18
3302,2017-07-16,233,18
3303,2017-07-17,217,17
3304,2017-07-18,202,15
3305,2017-07-19,185,13
3306,2017-07-20,187,16
3307,2017-07-21,220,24
3308,2017-07-22,247,22
3309,2017-07-23,247,24
3310,2017-07-24,245,25
3311,2017-07-25,245,26
3312,2017-07-26,247,23
3313,2017-07-27,258,13
3314,2017-07-28,238,11
3315,2017-07-29,232,17
3316,2017-07-30,228,17
3317,2017-07-31,220,17
3318,2017-08-01,226,17
3319,2017-08-02,224,19
3320,2017-08-03,234,19
3321,2017-08-04,243,18
3322,2017-08-05,235,15
3323,2017-08-06,220,10
3324,2017-08-07,221,12
3325,2017-08-08,225,12
3326,2017-08-09,226,17
3327,2017-08-10,221,17
3328,2017-08-11,234,18
3329,2017-08-12,234,19
3330,2017-08-13,226,19
3331,2017-08-14,226,15
3332,2017-08-15,238,12
3333,2017-08-16,254,13
3334,2017-08-17,258,14
3335,2017-08-18,251,11
3336,2017-08-19,249,10
3337,2017-08-20,249,11
3338,2017-08-21,230,13
3339,2017-08-22,217,17
3340,2017-08-23,233,12
3341,2017-08-24,245,14
3342,2017-08-25,257,13
3343,2017-08-26,258,11
3344,2017-08-27,274,10
3345,2017-08-28,235,10
3346,2017-08-29,215,5
3347,2017-08-30,219,21
3348,2017-08-31,201,20
3349,2017-09-01,207,15
3350,2017-09-02,205,15
3351,2017-09-03,222,14
3352,2017-09-04,223,10
3353,2017-09-05,235,9
3354,2017-09-06,231,7
3355,2017-09-07,208,6
3356,2017-09-08,211,5
3357,2017-09-09,266,5
3358,2017-09-10,221,5
3359,2017-09-11,166,5
3360,2017-09-12,168,7
3361,2017-09-13,206,9
3362,2017-09-14,220,9
3363,2017-09-15,222,9
3364,2017-09-16,210,11
3365,2017-09-17,197,12
3366,2017-09-18,245,8
3367,2017-09-19,200,6
3368,2017-09-20,247,12
3369,2017-09-21,229,14
3370,2017-09-22,223,12
3371,2017-09-23,219,11
3372,2017-09-24,221,8
3373,2017-09-25,219,8
3374,2017-09-26,226,7
3375,2017-09-27,195,5
3376,2017-09-28,242,7
3377,2017-09-29,264,6
3378,2017-09-30,203,6
3379,2017-10-01,215,5
3380,2017-10-02,205,6
3381,2017-10-03,160,5
3382,2017-10-04,136,7
3383,2017-10-05,54,7
3384,2017-10-06,73,6
3385,2017-10-07,46,7
3386,2017-10-08,131,7
3387,2017-10-09,235,6
3388,2017-10-10,161,5
3389,2017-10-11,113,9
3390,2017-10-12,200,5
3391,2017-10-13,243,6
3392,2017-10-14,240,5
3393,2017-10-15,194,5
3394,2017-10-16,192,5
3395,2017-10-17,233,5
3396,2017-10-18,144,5
3397,2017-10-19,240,5
3398,2017-10-20,207,6
3399,2017-10-21,223,9
3400,2017-10-22,236,9
3401,2017-10-23,217,7
3402,2017-10-24,222,6
3403,2017-10-25,137,7
3404,2017-10-26,156,7
3405,2017-10-27,168,6
3406,2017-10-28,103,7
3407,2017-10-29,113,7
3408,2017-10-30,61,7
3409,2017-10-31,57,8
3410,2017-11-01,72,9
3411,2017-11-02,72,11
3412,2017-11-03,61,9
3413,2017-11-04,67,10
3414,2017-11-05,71,12
3415,2017-11-06,60,9
3416,2017-11-07,100,7
3417,2017-11-08,140,7
3418,2017-11-09,175,7
3419,2017-11-10,64,9
3420,2017-11-11,68,11
3421,2017-11-12,60,9
3422,2017-11-13,165,7
3423,2017-11-14,195,6
3424,2017-11-15,125,7
3425,2017-11-16,150,8
3426,2017-11-17,153,7
3427,2017-11-18,148,8
3428,2017-11-19,146,7
3429,2017-11-20,73,9
3430,2017-11-21,162,8
3431,2017-11-22,141,8
3432,2017-11-23,158,7
3433,2017-11-24,166,7
3434,2017-11-25,122,8
3435,2017-11-26,88,9
3436,2017-11-27,166,8
3437,2017-11-28,170,7
3438,2017-11-29,122,7
3439,2017-11-30,54,9
3440,2017-12-01,68,10
3441,2017-12-02,70,11
3442,2017-12-03,64,10
3443,2017-12-04,129,14
3444,2017-12-05,95,20
3445,2017-12-06,97,11
3446,2017-12-07,225,7
3447,2017-12-08,50,8
3448,2017-12-09,159,6
3449,2017-12-10,168,6
3450,2017-12-11,239,6
3451,2017-12-12,171,6
3452,2017-12-13,149,6
3453,2017-12-14,140,8
3454,2017-12-15,129,8
3455,2017-12-16,114,8
3456,2017-12-17,63,11
3457,2017-12-18,65,12
3458,2017-12-19,70,11
3459,2017-12-20,73,11
3460,2017-12-21,52,10
3461,2017-12-22,57,12
3462,2017-12-23,81,9
3463,2017-12-24,140,8
3464,2017-12-25,35,12
3465,2017-12-26,62,12
3466,2017-12-27,140,7
3467,2017-12-28,164,7
3468,2017-12-29,171,7
3469,2017-12-30,115,8
3470,2017-12-31,142,8
3471,2018-01-01,130,7
3472,2018-01-02,135,6
3473,2018-01-03,160,8
3474,2018-01-04,182,7
3475,2018-01-05,143,7
3476,2018-01-06,137,7
3477,2018-01-07,187,7
3478,2018-01-08,98,6
3479,2018-01-09,103,8
3480,2018-01-10,70,10
3481,2018-01-11,90,9
3482,2018-01-12,144,8
3483,2018-01-13,165,10
3484,2018-01-14,70,5
3485,2018-01-15,148,8
3486,2018-01-16,164,8
3487,2018-01-17,164,7
3488,2018-01-18,148,8
3489,2018-01-19,148,9
3490,2018-01-20,137,7
3491,2018-01-21,161,6
3492,2018-01-22,222,7
3493,2018-01-23,306,7
3494,2018-01-24,122,8
3495,2018-01-25,151,8
3496,2018-01-26,146,7
3497,2018-01-27,176,6
3498,2018-01-28,192,5
3499,2018-01-29,166,7
3500,2018-01-30,45,8
3501,2018-01-31,168,7
3502,2018-02-01,162,6
3503,2018-02-02,160,7
3504,2018-02-03,184,8
3505,2018-02-04,189,7
3506,2018-02-05,156,7
3507,2018-02-06,194,10
3508,2018-02-07,170,8
3509,2018-02-08,246,8
3510,2018-02-09,188,6
3511,2018-02-10,227,9
3512,2018-02-11,244,9
3513,2018-02-12,252,7
3514,2018-02-13,55,8
3515,2018-02-14,96,14
3516,2018-02-15,129,11
3517,2018-02-16,192,9
3518,2018-02-17,181,7
3519,2018-02-18,195,6
3520,2018-02-19,214,5
3521,2018-02-20,197,7
3522,2018-02-21,196,7
3523,2018-02-22,201,7
3524,2018-02-23,236,7
3525,2018-02-24,248,8
3526,2018-02-25,178,10
3527,2018-02-26,146,9
3528,2018-02-27,156,9
3529,2018-02-28,159,7
3530,2018-03-01,139,7
3531,2018-03-02,169,10
3532,2018-03-03,209,10
3533,2018-03-04,244,9
3534,2018-03-05,253,10
3535,2018-03-06,172,7
3536,2018-03-07,167,8
3537,2018-03-08,215,10
3538,2018-03-09,215,8
3539,2018-03-10,227,8
3540,2018-03-11,282,10
3541,2018-03-12,160,9
3542,2018-03-13,209,8
3543,2018-03-14,246,10
3544,2018-03-15,206,8
3545,2018-03-16,233,7
3546,2018-03-17,270,8
3547,2018-03-18,222,7
3548,2018-03-19,305,11
3549,2018-03-20,308,11
3550,2018-03-21,261,10
3551,2018-03-22,282,10
3552,2018-03-23,237,7
3553,2018-03-24,166,7
3554,2018-03-25,52,11
3555,2018-03-26,150,9
3556,2018-03-27,219,9
3557,2018-03-28,232,12
3558,2018-03-29,222,12
3559,2018-03-30,218,13
3560,2018-03-31,214,14
3561,2018-04-01,240,11
3562,2018-04-02,229,11
3563,2018-04-03,246,10
3564,2018-04-04,265,11
3565,2018-04-05,252,10
3566,2018-04-06,226,11
3567,2018-04-07,229,11
3568,2018-04-08,214,15
3569,2018-04-09,218,13
3570,2018-04-10,220,12
3571,2018-04-11,215,15
3572,2018-04-12,221,14
3573,2018-04-13,216,13
3574,2018-04-14,225,13
3575,2018-04-15,222,13
3576,2018-04-16,235,12
3577,2018-04-17,298,8
3578,2018-04-18,264,10
3579,2018-04-19,251,11
3580,2018-04-20,228,15
3581,2018-04-21,240,13
3582,2018-04-22,190,9
3583,2018-04-23,244,10
3584,2018-04-24,236,10
3585,2018-04-25,226,13
3586,2018-04-26,227,14
3587,2018-04-27,223,14
3588,2018-04-28,225,14
3589,2018-04-29,220,18
3590,2018-04-30,219,20
3591,2018-05-01,221,19
3592,2018-05-02,219,19
3593,2018-05-03,213,17
3594,2018-05-04,218,17
3595,2018-05-05,222,16
3596,2018-05-06,223,15
3597,2018-05-07,225,17
3598,2018-05-08,239,16
3599,2018-05-09,247,13
3600,2018-05-10,226,11
3601,2018-05-11,218,16
3602,2018-05-12,223,17
3603,2018-05-13,228,16
3604,2018-05-14,223,17
3605,2018-05-15,224,18
3606,2018-05-16,230,15
3607,2018-05-17,237,14
3608,2018-05-18,217,20
3609,2018-05-19,217,20
3610,2018-05-20,222,19
3611,2018-05-21,225,17
3612,2018-05-22,221,18
3613,2018-05-23,222,16
3614,2018-05-24,223,19
3615,2018-05-25,239,16
3616,2018-05-26,244,14
3617,2018-05-27,220,16
3618,2018-05-28,222,18
3619,2018-05-29,223,23
3620,2018-05-30,226,23
3621,2018-05-31,228,19
3622,2018-06-01,226,18
3623,2018-06-02,236,18
3624,2018-06-03,236,20
3625,2018-06-04,236,17
3626,2018-06-05,247,16
3627,2018-06-06,235,20
3628,2018-06-07,235,22
3629,2018-06-08,237,21
3630,2018-06-09,237,25
3631,2018-06-10,239,24
3632,2018-06-11,242,28
3633,2018-06-12,239,28
3634,2018-06-13,234,29
3635,2018-06-14,232,26
3636,2018-06-15,227,26
3637,2018-06-16,219,25
3638,2018-06-17,219,24
3639,2018-06-18,216,20
3640,2018-06-19,233,19
3641,2018-06-20,230,17
3642,2018-06-21,229,20
3643,2018-06-22,233,20
3644,2018-06-23,238,18
3645,2018-06-24,213,20
3646,2018-06-25,241,18
3647,2018-06-26,234,22
3648,2018-06-27,233,22
3649,2018-06-28,214,19
3650,2018-06-29,206,21
3651,2018-06-30,210,19
3652,2018-07-01,210,19
3653,2018-07-02,210,23
3654,2018-07-03,215,23
3655,2018-07-04,221,24
3656,2018-07-05,230,20
3657,2018-07-06,243,17
3658,2018-07-07,230,14
3659,2018-07-08,230,14
3660,2018-07-09,211,15
3661,2018-07-10,227,18
3662,2018-07-11,232,14
3663,2018-07-12,238,18
3664,2018-07-13,232,21
3665,2018-07-14,235,17
3666,2018-07-15,263,20
3667,2018-07-16,249,17
3668,2018-07-17,233,19
3669,2018-07-18,228,20
3670,2018-07-19,233,19
3671,2018-07-20,234,17
3672,2018-07-21,242,20
3673,2018-07-22,247,21
3674,2018-07-23,244,21
3675,2018-07-24,243,20
3676,2018-07-25,238,21
3677,2018-07-26,232,23
3678,2018-07-27,231,23
3679,2018-07-28,229,21
3680,2018-07-29,228,18
3681,2018-07-30,235,18
3682,2018-07-31,236,18
3683,2018-08-01,240,19
3684,2018-08-02,240,20
3685,2018-08-03,238,20
3686,2018-08-04,245,22
3687,2018-08-05,242,22
3688,2018-08-06,238,23
3689,2018-08-07,238,21
3690,2018-08-08,241,17
3691,2018-08-09,243,17
3692,2018-08-10,240,20
3693,2018-08-11,243,22
3694,2018-08-12,236,21
3695,2018-08-13,233,21
3696,2018-08-14,245,17
3697,2018-08-15,248,13
3698,2018-08-16,269,14
3699,2018-08-17,260,20
3700,2018-08-18,238,17
3701,2018-08-19,247,20
3702,2018-08-20,244,17
3703,2018-08-21,245,14
3704,2018-08-22,236,18
3705,2018-08-23,236,18
3706,2018-08-24,229,17
3707,2018-08-25,231,19
3708,2018-08-26,230,18
3709,2018-08-27,230,12
3710,2018-08-28,232,11
3711,2018-08-29,240,14
3712,2018-08-30,241,16
3713,2018-08-31,242,16
3714,2018-09-01,230,17
3715,2018-09-02,229,17
3716,2018-09-03,243,16
3717,2018-09-04,255,16
3718,2018-09-05,253,16
3719,2018-09-06,249,15
3720,2018-09-07,246,13
3721,2018-09-08,241,13
3722,2018-09-09,214,14
3723,2018-09-10,213,11
3724,2018-09-11,230,10
3725,2018-09-12,233,12
3726,2018-09-13,221,12
3727,2018-09-14,210,11
3728,2018-09-15,215,9
3729,2018-09-16,242,8
3730,2018-09-17,240,9
3731,2018-09-18,223,9
3732,2018-09-19,230,8
3733,2018-09-20,279,7
3734,2018-09-21,268,8
3735,2018-09-22,217,13
3736,2018-09-23,210,20
3737,2018-09-24,216,13
3738,2018-09-25,216,10
3739,2018-09-26,221,6
3740,2018-09-27,241,5
3741,2018-09-28,48,7
3742,2018-09-29,60,7
3743,2018-09-30,51,7
3744,2018-10-01,94,6
3745,2018-10-02,137,5
3746,2018-10-03,173,4
3747,2018-10-04,166,5
3748,2018-10-05,77,9
3749,2018-10-06,66,9
3750,2018-10-07,68,10
3751,2018-10-08,79,8
3752,2018-10-09,195,5
3753,2018-10-10,233,5
3754,2018-10-11,217,6
3755,2018-10-12,82,7
3756,2018-10-13,69,6
3757,2018-10-14,155,5
3758,2018-10-15,187,5
3759,2018-10-16,172,5
3760,2018-10-17,195,5
3761,2018-10-18,228,7
3762,2018-10-19,204,6
3763,2018-10-20,136,6
3764,2018-10-21,143,6
3765,2018-10-22,143,6
3766,2018-10-23,139,6
3767,2018-10-24,108,7
3768,2018-10-25,76,9
3769,2018-10-26,104,7
3770,2018-10-27,56,7
3771,2018-10-28,54,9
3772,2018-10-29,63,11
3773,2018-10-30,72,12
3774,2018-10-31,62,12
3775,2018-11-01,62,9
3776,2018-11-02,142,8
3777,2018-11-03,160,8
3778,2018-11-04,159,6
3779,2018-11-05,182,7
3780,2018-11-06,37,8
3781,2018-11-07,117,8
3782,2018-11-08,84,8
3783,2018-11-09,147,7
3784,2018-11-10,219,6
3785,2018-11-11,141,6
3786,2018-11-12,139,7
3787,2018-11-13,197,6
3788,2018-11-14,196,7
3789,2018-11-15,48,10
3790,2018-11-16,164,9
3791,2018-11-17,124,8
3792,2018-11-18,166,7
3793,2018-11-19,163,6
3794,2018-11-20,152,7
3795,2018-11-21,206,6
3796,2018-11-22,137,7
3797,2018-11-23,59,11
3798,2018-11-24,127,9
3799,2018-11-25,53,7
3800,2018-11-26,56,9
3801,2018-11-27,140,8
3802,2018-11-28,147,8
3803,2018-11-29,96,9
3804,2018-11-30,51,10
3805,2018-12-01,96,9
3806,2018-12-02,168,7
3807,2018-12-03,170,7
3808,2018-12-04,169,8
3809,2018-12-05,154,7
3810,2018-12-06,159,7
3811,2018-12-07,154,7
3812,2018-12-08,185,6
3813,2018-12-09,187,7
3814,2018-12-10,202,7
3815,2018-12-11,171,5
3816,2018-12-12,164,7
3817,2018-12-13,23,13
3818,2018-12-14,50,15
3819,2018-12-15,58,16
3820,2018-12-16,62,15
3821,2018-12-17,54,14
3822,2018-12-18,43,10
3823,2018-12-19,105,10
3824,2018-12-20,95,9
3825,2018-12-21,172,7
3826,2018-12-22,179,6
3827,2018-12-23,160,6
3828,2018-12-24,145,7
3829,2018-12-25,122,9
3830,2018-12-26,259,10
3831,2018-12-27,36,11
3832,2018-12-28,62,13
3833,2018-12-29,63,11
3834,2018-12-30,70,10
3835,2018-12-31,100,8
3836,2019-01-01,214,7
3837,2019-01-02,224,8
3838,2019-01-03,237,7
3839,2019-01-04,215,8
3840,2019-01-05,316,6
3841,2019-01-06,240,11
3842,2019-01-07,54,13
3843,2019-01-08,143,11
3844,2019-01-09,134,9
3845,2019-01-10,241,9
3846,2019-01-11,233,8
3847,2019-01-12,313,6
3848,2019-01-13,130,9
3849,2019-01-14,57,15
3850,2019-01-15,141,11
3851,2019-01-16,252,8
3852,2019-01-17,221,8
3853,2019-01-18,149,6
3854,2019-01-19,209,8
3855,2019-01-20,233,9
3856,2019-01-21,246,10
3857,2019-01-22,260,10
3858,2019-01-23,292,9
3859,2019-01-24,213,10
3860,2019-01-25,11,16
3861,2019-01-26,35,17
3862,2019-01-27,44,18
3863,2019-01-28,56,16
3864,2019-01-29,64,16
3865,2019-01-30,208,9
3866,2019-01-31,259,6
3867,2019-02-01,223,11
3868,2019-02-02,132,12
3869,2019-02-03,199,11
3870,2019-02-04,210,12
3871,2019-02-05,274,7
3872,2019-02-06,282,9
3873,2019-02-07,253,16
3874,2019-02-08,271,8
3875,2019-02-09,21,8
3876,2019-02-10,154,11
3877,2019-02-11,199,9
3878,2019-02-12,221,9
3879,2019-02-13,292,9
3880,2019-02-14,300,9
3881,2019-02-15,309,10
3882,2019-02-16,227,8
3883,2019-02-17,206,9
3884,2019-02-18,305,7
3885,2019-02-19,213,8
3886,2019-02-20,225,8
3887,2019-02-21,287,8
3888,2019-02-22,209,9
3889,2019-02-23,209,11
3890,2019-02-24,308,9
3891,2019-02-25,311,11
3892,2019-02-26,291,13
3893,2019-02-27,278,12
3894,2019-02-28,29,11
3895,2019-03-01,154,8
3896,2019-03-02,211,12
3897,2019-03-03,254,13
3898,2019-03-04,266,13
3899,2019-03-05,302,8
3900,2019-03-06,304,9
3901,2019-03-07,206,7
3902,2019-03-08,303,8
3903,2019-03-09,312,10
3904,2019-03-10,281,9
3905,2019-03-11,289,11
3906,2019-03-12,317,9
3907,2019-03-13,304,10
3908,2019-03-14,317,11
3909,2019-03-15,224,11
3910,2019-03-16,211,9
3911,2019-03-17,284,10
3912,2019-03-18,192,9
3913,2019-03-19,318,10
3914,2019-03-20,282,11
3915,2019-03-21,301,10
3916,2019-03-22,317,9
3917,2019-03-23,208,8
3918,2019-03-24,209,10
3919,2019-03-25,322,13
3920,2019-03-26,223,14
3921,2019-03-27,308,9
3922,2019-03-28,191,9
3923,2019-03-29,311,10
3924,2019-03-30,303,10
3925,2019-03-31,277,12
3926,2019-04-01,254,13
3927,2019-04-02,248,12
3928,2019-04-03,269,11
3929,2019-04-04,265,11
3930,2019-04-05,244,17
3931,2019-04-06,249,16
3932,2019-04-07,249,15
3933,2019-04-08,257,14
3934,2019-04-09,272,14
3935,2019-04-10,289,13
3936,2019-04-11,284,12
3937,2019-04-12,277,11
3938,2019-04-13,293,8
3939,2019-04-14,306,9
3940,2019-04-15,279,11
3941,2019-04-16,266,13
3942,2019-04-17,266,14
3943,2019-04-18,292,11
3944,2019-04-19,313,10
3945,2019-04-20,271,10
3946,2019-04-21,284,11
3947,2019-04-22,296,12
3948,2019-04-23,277,10
3949,2019-04-24,308,12
3950,2019-04-25,320,12
3951,2019-04-26,323,12
3952,2019-04-27,324,17
3953,2019-04-28,327,15
3954,2019-04-29,266,13
3955,2019-04-30,249,17
3956,2019-05-01,245,18
3957,2019-05-02,240,19
3958,2019-05-03,236,21
3959,2019-05-04,234,20
3960,2019-05-05,242,18
3961,2019-05-06,256,14
3962,2019-05-07,255,16
3963,2019-05-08,241,19
3964,2019-05-09,248,17
3965,2019-05-10,247,17
3966,2019-05-11,242,16
3967,2019-05-12,247,16
3968,2019-05-13,246,18
3969,2019-05-14,243,19
3970,2019-05-15,245,18
3971,2019-05-16,249,16
3972,2019-05-17,267,16
3973,2019-05-18,287,12
3974,2019-05-19,292,12
3975,2019-05-20,298,12
3976,2019-05-21,299,13
3977,2019-05-22,246,14
3978,2019-05-23,279,17
3979,2019-05-24,261,18
3980,2019-05-25,248,17
3981,2019-05-26,238,20
3982,2019-05-27,263,18
3983,2019-05-28,262,17
3984,2019-05-29,254,17
3985,2019-05-30,242,18
3986,2019-05-31,233,19
3987,2019-06-01,232,22
3988,2019-06-02,237,22
3989,2019-06-03,233,25
3990,2019-06-04,245,21
3991,2019-06-05,245,18
3992,2019-06-06,237,17
3993,2019-06-07,232,19
3994,2019-06-08,227,20
3995,2019-06-09,237,21
3996,2019-06-10,227,16
3997,2019-06-11,243,18
3998,2019-06-12,203,16
3999,2019-06-13,190,28
4000,2019-06-14,212,28
4001,2019-06-15,217,26
4002,2019-06-16,222,27
4003,2019-06-17,224,27
4004,2019-06-18,220,28
4005,2019-06-19,239,21
4006,2019-06-20,242,19
4007,2019-06-21,245,18
4008,2019-06-22,255,17
4009,2019-06-23,243,16
4010,2019-06-24,238,13
4011,2019-06-25,242,15
4012,2019-06-26,244,16
4013,2019-06-27,243,18
4014,2019-06-28,257,18
4015,2019-06-29,256,14
4016,2019-06-30,248,16
4017,2019-07-01,239,15
4018,2019-07-02,227,16
4019,2019-07-03,231,17
4020,2019-07-04,223,14
4021,2019-07-05,228,18
4022,2019-07-06,218,17
4023,2019-07-07,228,15
4024,2019-07-08,232,19
4025,2019-07-09,214,20
4026,2019-07-10,237,22
4027,2019-07-11,241,24
4028,2019-07-12,232,23
4029,2019-07-13,237,22
4030,2019-07-14,246,24
4031,2019-07-15,243,25
4032,2019-07-16,240,23
4033,2019-07-17,246,20
4034,2019-07-18,233,15
4035,2019-07-19,241,12
4036,2019-07-20,216,8
4037,2019-07-21,231,10
4038,2019-07-22,181,7
4039,2019-07-23,188,10
4040,2019-07-24,232,17
4041,2019-07-25,247,19
4042,2019-07-26,249,22
4043,2019-07-27,254,23
4044,2019-07-28,264,23
4045,2019-07-29,259,22
4046,2019-07-30,251,23
4047,2019-07-31,242,23
4048,2019-08-01,253,19
4049,2019-08-02,239,23
4050,2019-08-03,247,18
4051,2019-08-04,282,20
4052,2019-08-05,264,18
4053,2019-08-06,250,21
4054,2019-08-07,256,22
4055,2019-08-08,252,20
4056,2019-08-09,244,27
4057,2019-08-10,236,31
4058,2019-08-11,233,21
4059,2019-08-12,242,18
4060,2019-08-13,239,18
4061,2019-08-14,228,15
4062,2019-08-15,244,17
4063,2019-08-16,244,23
4064,2019-08-17,234,21
4065,2019-08-18,240,15
4066,2019-08-19,230,13
4067,2019-08-20,248,13
4068,2019-08-21,265,12
4069,2019-08-22,254,12
4070,2019-08-23,251,12
4071,2019-08-24,235,13
4072,2019-08-25,244,12
4073,2019-08-26,293,10
4074,2019-08-27,243,10
4075,2019-08-28,219,15
4076,2019-08-29,219,15
4077,2019-08-30,232,14
4078,2019-08-31,218,15
4079,2019-09-01,221,18
4080,2019-09-02,222,16
4081,2019-09-03,217,15
4082,2019-09-04,242,13
4083,2019-09-05,212,18
4084,2019-09-06,223,21
4085,2019-09-07,224,20
4086,2019-09-08,219,19
4087,2019-09-09,234,14
4088,2019-09-10,224,12
4089,2019-09-11,229,13
4090,2019-09-12,237,15
4091,2019-09-13,234,13
4092,2019-09-14,268,10
4093,2019-09-15,298,9
4094,2019-09-16,267,14
4095,2019-09-17,283,10
4096,2019-09-18,344,6
4097,2019-09-19,30,10
4098,2019-09-20,218,9
4099,2019-09-21,182,8
4100,2019-09-22,212,9
4101,2019-09-23,240,10
4102,2019-09-24,253,9
4103,2019-09-25,252,8
4104,2019-09-26,196,7
4105,2019-09-27,216,16
4106,2019-09-28,215,17
4107,2019-09-29,212,18
4108,2019-09-30,218,20
4109,2019-10-01,242,16
4110,2019-10-02,258,9
4111,2019-10-03,285,6
4112,2019-10-04,277,5
4113,2019-10-05,128,6
4114,2019-10-06,314,4
4115,2019-10-07,128,6
4116,2019-10-08,31,7
4117,2019-10-09,57,9
4118,2019-10-10,50,9
4119,2019-10-11,39,6
4120,2019-10-12,55,9
4121,2019-10-13,58,12
4122,2019-10-14,68,11
4123,2019-10-15,62,10
4124,2019-10-16,63,10
4125,2019-10-17,55,11
4126,2019-10-18,59,11
4127,2019-10-19,132,8
4128,2019-10-20,94,14
4129,2019-10-21,80,10
4130,2019-10-22,40,12
4131,2019-10-23,74,12
4132,2019-10-24,81,15
4133,2019-10-25,70,19
4134,2019-10-26,75,21
4135,2019-10-27,181,11
4136,2019-10-28,201,8
4137,2019-10-29,82,6
4138,2019-10-30,47,10
4139,2019-10-31,59,11
4140,2019-11-01,102,10
4141,2019-11-02,212,5
4142,2019-11-03,241,6
4143,2019-11-04,117,6
4144,2019-11-05,192,5
4145,2019-11-06,171,5
4146,2019-11-07,208,9
4147,2019-11-08,187,9
4148,2019-11-09,265,5
4149,2019-11-10,192,7
4150,2019-11-11,226,7
4151,2019-11-12,194,6
4152,2019-11-13,96,9
4153,2019-11-14,81,11
4154,2019-11-15,212,9
4155,2019-11-16,193,7
4156,2019-11-17,48,10
4157,2019-11-18,45,10
4158,2019-11-19,147,9
4159,2019-11-20,211,7
4160,2019-11-21,194,8
4161,2019-11-22,241,9
4162,2019-11-23,39,8
4163,2019-11-24,174,8
4164,2019-11-25,165,7
4165,2019-11-26,161,8
4166,2019-11-27,223,8
4167,2019-11-28,198,7
4168,2019-11-29,230,7
4169,2019-11-30,254,8
4170,2019-12-01,234,8
4171,2019-12-02,162,10
4172,2019-12-03,95,11
4173,2019-12-04,83,13
4174,2019-12-05,70,12
4175,2019-12-06,45,14
4176,2019-12-07,56,13
4177,2019-12-08,40,11
4178,2019-12-09,45,10
4179,2019-12-10,239,9
4180,2019-12-11,200,6
4181,2019-12-12,275,7
4182,2019-12-13,310,6
4183,2019-12-14,129,9
4184,2019-12-15,247,12
4185,2019-12-16,144,16
4186,2019-12-17,33,16
4187,2019-12-18,244,10
4188,2019-12-19,235,9
4189,2019-12-20,222,7
4190,2019-12-21,245,7
4191,2019-12-22,162,9
4192,2019-12-23,213,10
4193,2019-12-24,275,8
4194,2019-12-25,163,7
4195,2019-12-26,230,11
4196,2019-12-27,56,17
4197,2019-12-28,56,17
4198,2019-12-29,47,14
4199,2019-12-30,236,9
4200,2019-12-31,204,6
4201,2020-01-01,216,7
4202,2020-01-02,297,7
4203,2020-01-03,244,11
4204,2020-01-04,146,11
4205,2020-01-05,66,16
4206,2020-01-06,212,12
4207,2020-01-07,227,11
4208,2020-01-08,306,11
4209,2020-01-09,41,13
4210,2020-01-10,60,18
4211,2020-01-11,168,11
4212,2020-01-12,217,11
4213,2020-01-13,261,11
4214,2020-01-14,313,10
4215,2020-01-15,204,10
4216,2020-01-16,311,9
4217,2020-01-17,115,8
4218,2020-01-18,124,11
4219,2020-01-19,147,13
4220,2020-01-20,220,10
4221,2020-01-21,272,7
4222,2020-01-22,209,10
4223,2020-01-23,244,12
4224,2020-01-24,227,12
4225,2020-01-25,341,10
4226,2020-01-26,220,9
4227,2020-01-27,268,10
4228,2020-01-28,269,11
4229,2020-01-29,287,9
4230,2020-01-30,119,9
4231,2020-01-31,218,10
4232,2020-02-01,38,14
4233,2020-02-02,46,12
4234,2020-02-03,206,7
4235,2020-02-04,320,10
4236,2020-02-05,195,9
4237,2020-02-06,312,9
4238,2020-02-07,341,9
4239,2020-02-08,56,15
4240,2020-02-09,66,19
4241,2020-02-10,246,11
4242,2020-02-11,254,11
4243,2020-02-12,240,11
4244,2020-02-13,237,12
4245,2020-02-14,323,11
4246,2020-02-15,196,7
4247,2020-02-16,203,8
4248,2020-02-17,154,11
4249,2020-02-18,219,9
4250,2020-02-19,239,10
4251,2020-02-20,245,10
4252,2020-02-21,294,8
4253,2020-02-22,213,9
4254,2020-02-23,212,10
4255,2020-02-24,222,11
4256,2020-02-25,45,11
4257,2020-02-26,63,13
4258,2020-02-27,144,9
4259,2020-02-28,224,11
4260,2020-02-29,236,11
4261,2020-03-01,267,9
4262,2020-03-02,257,10
4263,2020-03-03,239,14
4264,2020-03-04,276,11
4265,2020-03-05,239,13
4266,2020-03-06,235,16
4267,2020-03-07,304,9
4268,2020-03-08,190,9
4269,2020-03-09,243,13
4270,2020-03-10,233,16
4271,2020-03-11,244,15
4272,2020-03-12,245,12
4273,2020-03-13,324,10
4274,2020-03-14,132,12
4275,2020-03-15,42,15
4276,2020-03-16,216,13
4277,2020-03-17,230,10
4278,2020-03-18,188,11
4279,2020-03-19,261,14
4280,2020-03-20,241,16
4281,2020-03-21,266,13
4282,2020-03-22,287,10
4283,2020-03-23,203,10
4284,2020-03-24,321,10
4285,2020-03-25,198,9
4286,2020-03-26,238,10
4287,2020-03-27,206,9
4288,2020-03-28,209,12
4289,2020-03-29,225,11
4290,2020-03-30,227,9
