date,direction,speed
2008-07-01,184,14.0
2008-07-02,199,9.0
2008-07-03,202,12.0
2008-07-04,193,15.0
2008-07-05,215,13.0
2008-07-06,182,5.0
2008-07-07,171,5.0
2008-07-08,91,6.0
2008-07-09,167,5.0
2008-07-10,128,4.0
2008-07-11,179,3.0
2008-07-12,127,5.0
2008-07-13,100,5.0
2008-07-14,130,6.0
2008-07-15,146,6.0
2008-07-16,135,7.0
2008-07-17,165,6.0
2008-07-18,187,8.0
2008-07-19,222,9.0
2008-07-20,132,4.0
2008-07-21,120,6.0
2008-07-22,144,8.0
2008-07-23,246,10.0
2008-07-24,231,4.0
2008-07-25,241,5.0
2008-07-26,192,5.0
2008-07-27,88,4.0
2008-07-28,31,8.0
2008-07-29,60,15.0
2008-07-30,342,15.0
2008-07-31,287,8.0
2008-08-01,211,7.0
2008-08-02,130,4.0
2008-08-03,107,4.0
2008-08-04,176,3.0
2008-08-05,65,6.0
2008-08-06,83,9.0
2008-08-07,83,8.0
2008-08-08,79,6.0
2008-08-09,106,4.0
2008-08-10,234,6.0
2008-08-11,179,4.0
2008-08-12,206,3.0
2008-08-13,207,7.0
2008-08-14,203,5.0
2008-08-15,53,9.0
2008-08-16,162,10.0
2008-08-17,270,7.0
2008-08-18,211,4.0
2008-08-19,192,8.0
2008-08-20,167,7.0
2008-08-21,221,8.0
2008-08-22,307,6.0
2008-08-23,183,3.0
2008-08-24,105,5.0
2008-08-25,232,4.0
2008-08-26,102,4.0
2008-08-27,138,4.0
2008-08-28,154,7.0
2008-08-29,132,8.0
2008-08-30,268,9.0
2008-08-31,297,7.0
2008-09-01,208,4.0
2008-09-02,113,5.0
2008-09-03,91,8.0
2008-09-04,238,5.0
2008-09-05,285,3.0
2008-09-06,95,4.0
2008-09-07,75,6.0
2008-09-08,68,8.0
2008-09-09,103,6.0
2008-09-10,230,8.0
2008-09-11,333,8.0
2008-09-12,251,7.0
2008-09-13,106,7.0
2008-09-14,17,8.0
2008-09-15,175,8.0
2008-09-16,92,4.0
2008-09-17,134,3.0
2008-09-18,108,4.0
2008-09-19,165,6.0
2008-09-20,52,5.0
2008-09-21,114,6.0
2008-09-22,146,6.0
2008-09-23,19,16.0
2008-09-24,7,14.0
2008-09-25,129,11.0
2008-09-26,28,16.0
2008-09-27,101,10.0
2008-09-28,177,10.0
2008-09-29,257,8.0
2008-09-30,234,5.0
2008-10-01,203,4.0
2008-10-02,128,3.0
2008-10-03,130,5.0
2008-10-04,125,7.0
2008-10-05,260,5.0
2008-10-06,25,10.0
2008-10-07,96,7.0
2008-10-08,195,4.0
2008-10-09,173,4.0
2008-10-10,174,8.0
2008-10-11,52,10.0
2008-10-12,194,6.0
2008-10-13,250,6.0
2008-10-14,194,5.0
2008-10-15,112,7.0
2008-10-16,118,4.0
2008-10-17,93,6.0
2008-10-18,255,6.0
2008-10-19,106,6.0
2008-10-20,97,5.0
2008-10-21,265,7.0
2008-10-22,138,9.0
2008-10-23,225,12.0
2008-10-24,78,8.0
2008-10-25,237,7.0
2008-10-26,257,6.0
2008-10-27,128,3.0
2008-10-28,197,6.0
2008-10-29,180,8.0
2008-10-30,110,5.0
2008-10-31,299,4.0
2008-11-01,156,3.0
2008-11-02,217,5.0
2008-11-03,184,4.0
2008-11-04,102,5.0
2008-11-05,61,4.0
2008-11-06,145,12.0
2008-11-07,259,13.0
2008-11-08,82,9.0
2008-11-09,32,11.0
2008-11-10,45,8.0
2008-11-11,84,5.0
2008-11-12,105,8.0
2008-11-13,47,4.0
2008-11-14,90,5.0
2008-11-15,61,9.0
2008-11-16,16,8.0
2008-11-17,19,12.0
2008-11-18,97,11.0
2008-11-19,187,6.0
2008-11-20,169,5.0
2008-11-21,102,8.0
2008-11-22,171,5.0
2008-11-23,271,7.0
2008-11-24,228,5.0
2008-11-25,71,9.0
2008-11-26,204,8.0
2008-11-27,269,11.0
2008-11-28,231,7.0
2008-11-29,280,6.0
2008-11-30,203,6.0
2008-12-01,225,8.0
2008-12-02,153,9.0
2008-12-03,136,11.0
2008-12-04,15,24.0
2008-12-05,26,10.0
2008-12-06,93,7.0
2008-12-07,206,8.0
2008-12-08,223,17.0
2008-12-09,184,11.0
2008-12-10,173,9.0
2008-12-11,121,8.0
2008-12-12,144,6.0
2008-12-13,10,18.0
2008-12-14,181,6.0
2008-12-15,191,7.0
2008-12-16,189,6.0
2008-12-17,163,7.0
2008-12-18,83,7.0
2008-12-19,178,8.0
2008-12-20,65,14.0
2008-12-21,61,28.0
2008-12-22,144,14.0
2008-12-23,166,5.0
2008-12-24,243,8.0
2008-12-25,86,8.0
2008-12-26,83,9.0
2008-12-27,74,7.0
2008-12-28,134,11.0
2008-12-29,57,12.0
2008-12-30,58,13.0
2008-12-31,20,12.0
2009-01-01,20,13.0
2009-01-02,59,6.0
2009-01-03,67,7.0
2009-01-04,102,8.0
2009-01-05,68,13.0
2009-01-06,263,11.0
2009-01-07,173,6.0
2009-01-08,264,6.0
2009-01-09,102,8.0
2009-01-10,104,6.0
2009-01-11,156,12.0
2009-01-12,20,13.0
2009-01-13,167,5.0
2009-01-14,131,8.0
2009-01-15,138,7.0
2009-01-16,151,5.0
2009-01-17,186,5.0
2009-01-18,56,12.0
2009-01-19,94,8.0
2009-01-20,303,7.0
2009-01-21,251,8.0
2009-01-22,186,17.0
2009-01-23,63,24.0
2009-01-24,183,9.0
2009-01-25,161,7.0
2009-01-26,162,5.0
2009-01-27,186,8.0
2009-01-28,166,4.0
2009-01-29,277,7.0
2009-01-30,78,5.0
2009-01-31,101,11.0
2009-02-01,47,7.0
2009-02-02,21,6.0
2009-02-03,96,8.0
2009-02-04,159,4.0
2009-02-05,86,5.0
2009-02-06,104,6.0
2009-02-07,94,8.0
2009-02-08,190,12.0
2009-02-09,299,7.0
2009-02-10,206,8.0
2009-02-11,181,14.0
2009-02-12,179,23.0
2009-02-13,76,17.0
2009-02-14,25,10.0
2009-02-15,71,18.0
2009-02-16,36,14.0
2009-02-17,42,10.0
2009-02-18,66,7.0
2009-02-19,266,12.0
2009-02-20,151,7.0
2009-02-21,122,9.0
2009-02-22,97,11.0
2009-02-23,144,6.0
2009-02-24,81,10.0
2009-02-25,22,18.0
2009-02-26,144,13.0
2009-02-27,138,7.0
2009-02-28,77,5.0
2009-03-01,83,7.0
2009-03-02,70,6.0
2009-03-03,164,4.0
2009-03-04,143,8.0
2009-03-05,261,8.0
2009-03-06,70,6.0
2009-03-07,130,8.0
2009-03-08,216,7.0
2009-03-09,184,8.0
2009-03-10,105,11.0
2009-03-11,63,12.0
2009-03-12,227,15.0
2009-03-13,249,13.0
2009-03-14,185,8.0
2009-03-15,173,8.0
2009-03-16,179,7.0
2009-03-17,181,9.0
2009-03-18,169,9.0
2009-03-19,155,8.0
2009-03-20,97,16.0
2009-03-21,163,10.0
2009-03-22,159,14.0
2009-03-23,47,12.0
2009-03-24,127,9.0
2009-03-25,104,8.0
2009-03-26,125,7.0
2009-03-27,33,14.0
2009-03-28,98,11.0
2009-03-29,151,7.0
2009-03-30,148,5.0
2009-03-31,66,9.0
2009-04-01,75,10.0
2009-04-02,104,7.0
2009-04-03,169,4.0
2009-04-04,258,6.0
2009-04-05,173,5.0
2009-04-06,176,4.0
2009-04-07,147,8.0
2009-04-08,113,11.0
2009-04-09,112,13.0
2009-04-10,139,8.0
2009-04-11,124,7.0
2009-04-12,125,6.0
2009-04-13,259,8.0
2009-04-14,159,6.0
2009-04-15,155,12.0
2009-04-16,103,11.0
2009-04-17,98,4.0
2009-04-18,103,9.0
2009-04-19,217,13.0
2009-04-20,298,9.0
2009-04-21,91,7.0
2009-04-22,105,14.0
2009-04-23,53,10.0
2009-04-24,220,11.0
2009-04-25,67,10.0
2009-04-26,90,4.0
2009-04-27,134,5.0
2009-04-28,145,5.0
2009-04-29,148,9.0
2009-04-30,134,7.0
2009-05-01,226,8.0
2009-05-02,178,7.0
2009-05-03,144,5.0
2009-05-04,124,9.0
2009-05-05,106,10.0
2009-05-06,109,9.0
2009-05-07,158,6.0
2009-05-08,168,8.0
2009-05-09,201,12.0
2009-05-10,169,11.0
2009-05-11,149,7.0
2009-05-12,147,10.0
2009-05-13,68,10.0
2009-05-14,101,6.0
2009-05-15,215,10.0
2009-05-16,296,7.0
2009-05-17,154,7.0
2009-05-18,158,6.0
2009-05-19,232,6.0
2009-05-20,159,6.0
2009-05-21,117,7.0
2009-05-22,94,10.0
2009-05-23,52,10.0
2009-05-24,182,4.0
2009-05-25,251,8.0
2009-05-26,41,9.0
2009-05-27,83,10.0
2009-05-28,89,13.0
2009-05-29,297,8.0
2009-05-30,263,6.0
2009-05-31,214,5.0
2009-06-01,204,7.0
2009-06-02,181,5.0
2009-06-03,208,5.0
2009-06-04,210,5.0
2009-06-05,209,8.0
2009-06-06,167,9.0
2009-06-07,83,9.0
2009-06-08,93,10.0
2009-06-09,224,7.0
2009-06-10,303,7.0
2009-06-11,246,5.0
2009-06-12,231,6.0
2009-06-13,242,4.0
2009-06-14,136,5.0
2009-06-15,106,8.0
2009-06-16,120,7.0
2009-06-17,126,8.0
2009-06-18,127,9.0
2009-06-19,193,8.0
2009-06-20,207,8.0
2009-06-21,270,5.0
2009-06-22,290,8.0
2009-06-23,276,4.0
2009-06-24,218,4.0
2009-06-25,133,8.0
2009-06-26,156,9.0
2009-06-27,163,7.0
2009-06-28,186,5.0
2009-06-29,237,5.0
2009-06-30,240,7.0
2009-07-01,180,4.0
2009-07-02,203,3.0
2009-07-03,153,5.0
2009-07-04,116,9.0
2009-07-05,134,7.0
2009-07-06,179,8.0
2009-07-07,188,10.0
2009-07-08,195,15.0
2009-07-09,218,13.0
2009-07-10,55,4.0
2009-07-11,204,7.0
2009-07-12,180,6.0
2009-07-13,180,7.0
2009-07-14,118,4.0
2009-07-15,111,6.0
2009-07-16,181,10.0
2009-07-17,196,12.0
2009-07-18,175,5.0
2009-07-19,114,9.0
2009-07-20,193,12.0
2009-07-21,211,13.0
2009-07-22,215,13.0
2009-07-23,273,9.0
2009-07-24,95,6.0
2009-07-25,65,7.0
2009-07-26,56,6.0
2009-07-27,181,11.0
2009-07-28,190,7.0
2009-07-29,124,7.0
2009-07-30,112,5.0
2009-07-31,115,7.0
2009-08-01,306,7.0
2009-08-02,264,5.0
2009-08-03,59,8.0
2009-08-04,30,9.0
2009-08-05,95,7.0
2009-08-06,58,12.0
2009-08-07,17,12.0
2009-08-08,11,17.0
2009-08-09,19,18.0
2009-08-10,95,15.0
2009-08-11,298,8.0
2009-08-12,279,6.0
2009-08-13,236,4.0
2009-08-14,164,4.0
2009-08-15,163,6.0
2009-08-16,152,7.0
2009-08-17,164,8.0
2009-08-18,170,8.0
2009-08-19,178,8.0
2009-08-20,162,4.0
2009-08-21,157,5.0
2009-08-22,156,6.0
2009-08-23,32,8.0
2009-08-24,54,5.0
2009-08-25,123,6.0
2009-08-26,206,9.0
2009-08-27,199,4.0
2009-08-28,100,6.0
2009-08-29,186,13.0
2009-08-30,55,11.0
2009-08-31,193,4.0
2009-09-01,123,3.0
2009-09-02,90,4.0
2009-09-03,89,5.0
2009-09-04,107,7.0
2009-09-05,125,6.0
2009-09-06,116,6.0
2009-09-07,57,9.0
2009-09-08,19,12.0
2009-09-09,138,10.0
2009-09-10,108,4.0
2009-09-11,180,5.0
2009-09-12,26,10.0
2009-09-13,51,8.0
2009-09-14,137,10.0
2009-09-15,54,8.0
2009-09-16,53,5.0
2009-09-17,148,5.0
2009-09-18,70,6.0
2009-09-19,41,5.0
2009-09-20,229,13.0
2009-09-21,224,12.0
2009-09-22,102,5.0
2009-09-23,114,6.0
2009-09-24,194,6.0
2009-09-25,308,10.0
2009-09-26,139,8.0
2009-09-27,257,8.0
2009-09-28,38,9.0
2009-09-29,53,9.0
2009-09-30,43,6.0
2009-10-01,231,6.0
2009-10-02,68,7.0
2009-10-03,105,6.0
2009-10-04,69,6.0
2009-10-05,70,5.0
2009-10-06,76,7.0
2009-10-07,66,9.0
2009-10-08,76,6.0
2009-10-09,53,9.0
2009-10-10,40,10.0
2009-10-11,60,6.0
2009-10-12,146,7.0
2009-10-13,263,5.0
2009-10-14,34,7.0
2009-10-15,128,4.0
2009-10-16,246,7.0
2009-10-17,124,6.0
2009-10-18,222,6.0
2009-10-19,147,7.0
2009-10-20,200,5.0
2009-10-21,194,4.0
2009-10-22,289,5.0
2009-10-23,115,4.0
2009-10-24,86,6.0
2009-10-25,79,5.0
2009-10-26,88,6.0
2009-10-27,111,7.0
2009-10-28,176,6.0
2009-10-29,146,5.0
2009-10-30,91,6.0
2009-10-31,210,16.0
2009-11-01,92,10.0
2009-11-02,26,22.0
2009-11-03,122,6.0
2009-11-04,213,4.0
2009-11-05,176,3.0
2009-11-06,157,7.0
2009-11-07,190,7.0
2009-11-08,150,5.0
2009-11-09,66,14.0
2009-11-10,66,19.0
2009-11-11,21,19.0
2009-11-12,351,18.0
2009-11-13,226,9.0
2009-11-14,55,7.0
2009-11-15,28,16.0
2009-11-16,11,21.0
2009-11-17,143,11.0
2009-11-18,105,5.0
2009-11-19,145,6.0
2009-11-20,210,8.0
2009-11-21,119,6.0
2009-11-22,188,9.0
2009-11-23,143,8.0
2009-11-24,141,4.0
2009-11-25,51,7.0
2009-11-26,54,9.0
2009-11-27,17,18.0
2009-11-28,182,15.0
2009-11-29,96,7.0
2009-11-30,310,5.0
2009-12-01,114,3.0
2009-12-02,202,7.0
2009-12-03,97,6.0
2009-12-04,199,9.0
2009-12-05,88,10.0
2009-12-06,89,10.0
2009-12-07,36,9.0
2009-12-08,101,9.0
2009-12-09,55,6.0
2009-12-10,189,5.0
2009-12-11,32,10.0
2009-12-12,102,17.0
2009-12-13,105,9.0
2009-12-14,75,13.0
2009-12-15,56,15.0
2009-12-16,138,8.0
2009-12-17,117,6.0
2009-12-18,82,10.0
2009-12-19,157,6.0
2009-12-20,74,8.0
2009-12-21,131,8.0
2009-12-22,160,8.0
2009-12-23,95,7.0
2009-12-24,212,7.0
2009-12-25,110,18.0
2009-12-26,59,14.0
2009-12-27,130,15.0
2009-12-28,147,10.0
2009-12-29,185,5.0
2009-12-30,62,12.0
2009-12-31,87,9.0
2010-01-01,165,7.0
2010-01-02,166,7.0
2010-01-03,142,9.0
2010-01-04,40,20.0
2010-01-05,66,15.0
2010-01-06,133,4.0
2010-01-07,221,5.0
2010-01-08,170,7.0
2010-01-09,66,9.0
2010-01-10,55,16.0
2010-01-11,100,15.0
2010-01-12,189,9.0
2010-01-13,74,10.0
2010-01-14,168,10.0
2010-01-15,73,11.0
2010-01-16,139,3.0
2010-01-17,136,5.0
2010-01-18,140,7.0
2010-01-19,129,10.0
2010-01-20,18,16.0
2010-01-21,21,20.0
2010-01-22,17,13.0
2010-01-23,87,8.0
2010-01-24,197,5.0
2010-01-25,131,11.0
2010-01-26,120,10.0
2010-01-27,159,3.0
2010-01-28,126,7.0
2010-01-29,78,7.0
2010-01-30,148,6.0
2010-01-31,266,13.0
2010-02-01,189,6.0
2010-02-02,32,10.0
2010-02-03,60,8.0
2010-02-04,130,5.0
2010-02-05,101,5.0
2010-02-06,72,5.0
2010-02-07,210,3.0
2010-02-08,136,8.0
2010-02-09,184,13.0
2010-02-10,59,23.0
2010-02-11,53,25.0
2010-02-12,20,13.0
2010-02-13,58,10.0
2010-02-14,177,13.0
2010-02-15,15,15.0
2010-02-16,104,7.0
2010-02-17,208,10.0
2010-02-18,175,7.0
2010-02-19,206,9.0
2010-02-20,177,10.0
2010-02-21,165,9.0
2010-02-22,193,4.0
2010-02-23,156,11.0
2010-02-24,143,12.0
2010-02-25,60,17.0
2010-02-26,103,9.0
2010-02-27,246,7.0
2010-02-28,190,13.0
2010-03-01,57,17.0
2010-03-02,58,13.0
2010-03-03,147,10.0
2010-03-04,123,5.0
2010-03-05,57,15.0
2010-03-06,58,17.0
2010-03-07,44,8.0
2010-03-08,99,15.0
2010-03-09,98,17.0
2010-03-10,199,11.0
2010-03-11,177,13.0
2010-03-12,165,9.0
2010-03-13,106,9.0
2010-03-14,204,13.0
2010-03-15,144,14.0
2010-03-16,149,7.0
2010-03-17,201,8.0
2010-03-18,178,7.0
2010-03-19,196,15.0
2010-03-20,86,18.0
2010-03-21,114,14.0
2010-03-22,92,14.0
2010-03-23,20,18.0
2010-03-24,136,12.0
2010-03-25,162,13.0
2010-03-26,113,10.0
2010-03-27,172,7.0
2010-03-28,116,9.0
2010-03-29,93,13.0
2010-03-30,107,6.0
2010-03-31,208,5.0
2010-04-01,105,20.0
2010-04-02,81,6.0
2010-04-03,129,9.0
2010-04-04,184,6.0
2010-04-05,145,6.0
2010-04-06,28,17.0
2010-04-07,110,9.0
2010-04-08,175,8.0
2010-04-09,133,11.0
2010-04-10,57,10.0
2010-04-11,154,11.0
2010-04-12,16,14.0
2010-04-13,37,15.0
2010-04-14,64,13.0
2010-04-15,117,6.0
2010-04-16,156,7.0
2010-04-17,133,8.0
2010-04-18,140,5.0
2010-04-19,139,5.0
2010-04-20,76,10.0
2010-04-21,158,18.0
2010-04-22,177,10.0
2010-04-23,152,5.0
2010-04-24,114,11.0
2010-04-25,137,8.0
2010-04-26,264,9.0
2010-04-27,166,9.0
2010-04-28,107,14.0
2010-04-29,116,7.0
2010-04-30,160,6.0
2010-05-01,154,5.0
2010-05-02,198,10.0
2010-05-03,151,10.0
2010-05-04,151,14.0
2010-05-05,152,5.0
2010-05-06,63,12.0
2010-05-07,295,5.0
2010-05-08,147,6.0
2010-05-09,259,10.0
2010-05-10,107,5.0
2010-05-11,152,5.0
2010-05-12,78,12.0
2010-05-13,59,12.0
2010-05-14,33,7.0
2010-05-15,47,6.0
2010-05-16,139,6.0
2010-05-17,282,5.0
2010-05-18,322,6.0
2010-05-19,267,5.0
2010-05-20,157,6.0
2010-05-21,184,7.0
2010-05-22,290,10.0
2010-05-23,266,6.0
2010-05-24,194,7.0
2010-05-25,120,9.0
2010-05-26,87,8.0
2010-05-27,71,10.0
2010-05-28,145,9.0
2010-05-29,91,5.0
2010-05-30,177,5.0
2010-05-31,114,9.0
2010-06-01,77,9.0
2010-06-02,89,5.0
2010-06-03,58,6.0
2010-06-04,46,6.0
2010-06-05,149,5.0
2010-06-06,123,5.0
2010-06-07,113,10.0
2010-06-08,131,11.0
2010-06-09,312,12.0
2010-06-10,290,6.0
2010-06-11,244,4.0
2010-06-12,175,2.0
2010-06-13,172,4.0
2010-06-14,116,4.0
2010-06-15,130,3.0
2010-06-16,173,6.0
2010-06-17,196,9.0
2010-06-18,190,6.0
2010-06-19,103,5.0
2010-06-20,186,7.0
2010-06-21,94,4.0
2010-06-22,182,7.0
2010-06-23,170,7.0
2010-06-24,118,7.0
2010-06-25,65,8.0
2010-06-26,117,4.0
2010-06-27,71,6.0
2010-06-28,124,6.0
2010-06-29,171,8.0
2010-06-30,185,11.0
2010-07-01,198,13.0
2010-07-02,211,11.0
2010-07-03,222,9.0
2010-07-04,219,7.0
2010-07-05,243,6.0
2010-07-06,214,3.0
2010-07-07,139,8.0
2010-07-08,164,6.0
2010-07-09,180,6.0
2010-07-10,199,8.0
2010-07-11,46,8.0
2010-07-12,240,4.0
2010-07-13,175,4.0
2010-07-14,141,5.0
2010-07-15,124,6.0
2010-07-16,161,7.0
2010-07-17,178,9.0
2010-07-18,161,7.0
2010-07-19,171,9.0
2010-07-20,145,5.0
2010-07-21,117,6.0
2010-07-22,88,8.0
2010-07-23,130,8.0
2010-07-24,95,6.0
2010-07-25,46,7.0
2010-07-26,172,4.0
2010-07-27,162,4.0
2010-07-28,183,6.0
2010-07-29,191,8.0
2010-07-30,170,8.0
2010-07-31,171,10.0
2010-08-01,184,9.0
2010-08-02,199,9.0
2010-08-03,207,8.0
2010-08-04,217,6.0
2010-08-05,104,6.0
2010-08-06,65,8.0
2010-08-07,48,7.0
2010-08-08,157,4.0
2010-08-09,159,2.0
2010-08-10,155,4.0
2010-08-11,182,8.0
2010-08-12,201,12.0
2010-08-13,196,11.0
2010-08-14,240,9.0
2010-08-15,147,6.0
2010-08-16,146,5.0
2010-08-17,87,3.0
2010-08-18,131,6.0
2010-08-19,150,9.0
2010-08-20,123,9.0
2010-08-21,121,5.0
2010-08-22,207,7.0
2010-08-23,54,10.0
2010-08-24,178,10.0
2010-08-25,296,9.0
2010-08-26,300,7.0
2010-08-27,342,8.0
2010-08-28,322,6.0
2010-08-29,237,3.0
2010-08-30,223,3.0
2010-08-31,186,7.0
2010-09-01,49,11.0
2010-09-02,54,13.0
2010-09-03,57,11.0
2010-09-04,55,7.0
2010-09-05,47,7.0
2010-09-06,84,5.0
2010-09-07,266,8.0
2010-09-08,267,10.0
2010-09-09,225,8.0
2010-09-10,216,9.0
2010-09-11,341,4.0
2010-09-12,31,6.0
2010-09-13,66,5.0
2010-09-14,120,3.0
2010-09-15,128,4.0
2010-09-16,139,5.0
2010-09-17,128,7.0
2010-09-18,111,5.0
2010-09-19,49,8.0
2010-09-20,46,7.0
2010-09-21,63,12.0
2010-09-22,13,21.0
2010-09-23,54,7.0
2010-09-24,53,5.0
2010-09-25,269,8.0
2010-09-26,332,5.0
2010-09-27,239,3.0
2010-09-28,42,8.0
2010-09-29,45,7.0
2010-09-30,86,5.0
2010-10-01,88,6.0
2010-10-02,326,8.0
2010-10-03,291,8.0
2010-10-04,125,5.0
2010-10-05,136,4.0
2010-10-06,110,5.0
2010-10-07,134,4.0
2010-10-08,121,3.0
2010-10-09,122,7.0
2010-10-10,119,7.0
2010-10-11,100,8.0
2010-10-12,111,6.0
2010-10-13,307,8.0
2010-10-14,68,8.0
2010-10-15,126,4.0
2010-10-16,166,5.0
2010-10-17,89,6.0
2010-10-18,32,9.0
2010-10-19,25,9.0
2010-10-20,24,12.0
2010-10-21,32,9.0
2010-10-22,50,9.0
2010-10-23,31,8.0
2010-10-24,16,10.0
2010-10-25,55,18.0
2010-10-26,27,17.0
2010-10-27,81,11.0
2010-10-28,22,9.0
2010-10-29,20,8.0
2010-10-30,73,5.0
2010-10-31,122,6.0
2010-11-01,97,9.0
2010-11-02,26,9.0
2010-11-03,195,5.0
2010-11-04,206,3.0
2010-11-05,141,3.0
2010-11-06,160,5.0
2010-11-07,113,6.0
2010-11-08,67,9.0
2010-11-09,184,8.0
2010-11-10,193,7.0
2010-11-11,159,8.0
2010-11-12,130,10.0
2010-11-13,63,10.0
2010-11-14,56,17.0
2010-11-15,141,11.0
2010-11-16,244,6.0
2010-11-17,143,4.0
2010-11-18,200,5.0
2010-11-19,223,8.0
2010-11-20,147,8.0
2010-11-21,250,8.0
2010-11-22,29,9.0
2010-11-23,95,7.0
2010-11-24,191,6.0
2010-11-25,73,5.0
2010-11-26,193,7.0
2010-11-27,103,6.0
2010-11-28,179,5.0
2010-11-29,251,3.0
2010-11-30,275,6.0
2010-12-01,214,5.0
2010-12-02,175,9.0
2010-12-03,98,11.0
2010-12-04,153,11.0
2010-12-05,198,8.0
2010-12-06,13,21.0
2010-12-07,232,11.0
2010-12-08,218,10.0
2010-12-09,153,9.0
2010-12-10,157,8.0
2010-12-11,49,12.0
2010-12-12,144,7.0
2010-12-13,96,14.0
2010-12-14,16,18.0
2010-12-15,59,20.0
2010-12-16,262,11.0
2010-12-17,207,9.0
2010-12-18,130,8.0
2010-12-19,252,5.0
2010-12-20,179,5.0
2010-12-21,253,9.0
2010-12-22,176,6.0
2010-12-23,49,15.0
2010-12-24,22,21.0
2010-12-25,174,12.0
2010-12-26,215,10.0
2010-12-27,231,7.0
2010-12-28,122,5.0
2010-12-29,132,11.0
2010-12-30,33,11.0
2010-12-31,39,12.0
2011-01-01,27,14.0
2011-01-02,62,11.0
2011-01-03,297,7.0
2011-01-04,269,4.0
2011-01-05,165,8.0
2011-01-06,55,15.0
2011-01-07,87,6.0
2011-01-08,266,5.0
2011-01-09,101,18.0
2011-01-10,87,11.0
2011-01-11,238,11.0
2011-01-12,100,8.0
2011-01-13,79,6.0
2011-01-14,106,11.0
2011-01-15,58,19.0
2011-01-16,44,10.0
2011-01-17,70,7.0
2011-01-18,35,6.0
2011-01-19,106,9.0
2011-01-20,262,9.0
2011-01-21,176,4.0
2011-01-22,137,5.0
2011-01-23,154,9.0
2011-01-24,71,8.0
2011-01-25,119,7.0
2011-01-26,72,7.0
2011-01-27,79,8.0
2011-01-28,187,12.0
2011-01-29,59,12.0
2011-01-30,22,8.0
2011-01-31,125,5.0
2011-02-01,241,11.0
2011-02-02,191,8.0
2011-02-03,181,4.0
2011-02-04,172,4.0
2011-02-05,138,7.0
2011-02-06,154,5.0
2011-02-07,160,5.0
2011-02-08,32,11.0
2011-02-09,28,19.0
2011-02-10,98,16.0
2011-02-11,62,10.0
2011-02-12,54,10.0
2011-02-13,229,6.0
2011-02-14,28,12.0
2011-02-15,81,10.0
2011-02-16,150,4.0
2011-02-17,200,6.0
2011-02-18,33,10.0
2011-02-19,102,7.0
2011-02-20,118,7.0
2011-02-21,91,7.0
2011-02-22,118,5.0
2011-02-23,194,5.0
2011-02-24,129,7.0
2011-02-25,76,13.0
2011-02-26,37,13.0
2011-02-27,125,9.0
2011-02-28,161,14.0
2011-03-01,98,11.0
2011-03-02,93,7.0
2011-03-03,136,9.0
2011-03-04,132,9.0
2011-03-05,104,11.0
2011-03-06,102,10.0
2011-03-07,193,6.0
2011-03-08,166,7.0
2011-03-09,40,14.0
2011-03-10,178,7.0
2011-03-11,170,5.0
2011-03-12,198,8.0
2011-03-13,137,10.0
2011-03-14,99,21.0
2011-03-15,259,14.0
2011-03-16,280,8.0
2011-03-17,158,8.0
2011-03-18,160,10.0
2011-03-19,90,8.0
2011-03-20,60,12.0
2011-03-21,57,18.0
2011-03-22,117,9.0
2011-03-23,170,5.0
2011-03-24,125,13.0
2011-03-25,102,9.0
2011-03-26,272,5.0
2011-03-27,243,5.0
2011-03-28,264,7.0
2011-03-29,97,7.0
2011-03-30,117,9.0
2011-03-31,129,9.0
2011-04-01,132,7.0
2011-04-02,21,20.0
2011-04-03,97,15.0
2011-04-04,52,6.0
2011-04-05,96,10.0
2011-04-06,178,5.0
2011-04-07,248,6.0
2011-04-08,160,5.0
2011-04-09,246,8.0
2011-04-10,224,9.0
2011-04-11,61,12.0
2011-04-12,93,6.0
2011-04-13,217,7.0
2011-04-14,171,7.0
2011-04-15,172,5.0
2011-04-16,124,6.0
2011-04-17,213,7.0
2011-04-18,75,13.0
2011-04-19,96,10.0
2011-04-20,154,11.0
2011-04-21,200,9.0
2011-04-22,184,9.0
2011-04-23,238,11.0
2011-04-24,191,5.0
2011-04-25,208,15.0
2011-04-26,228,9.0
2011-04-27,60,14.0
2011-04-28,116,10.0
2011-04-29,192,18.0
2011-04-30,155,10.0
2011-05-01,29,14.0
2011-05-02,144,13.0
2011-05-03,138,7.0
2011-05-04,179,5.0
2011-05-05,162,10.0
2011-05-06,181,9.0
2011-05-07,156,8.0
2011-05-08,141,11.0
2011-05-09,155,12.0
2011-05-10,244,13.0
2011-05-11,175,10.0
2011-05-12,221,11.0
2011-05-13,54,9.0
2011-05-14,99,6.0
2011-05-15,217,8.0
2011-05-16,218,8.0
2011-05-17,205,13.0
2011-05-18,199,16.0
2011-05-19,192,10.0
2011-05-20,183,9.0
2011-05-21,95,20.0
2011-05-22,53,17.0
2011-05-23,111,9.0
2011-05-24,125,5.0
2011-05-25,288,4.0
2011-05-26,198,4.0
2011-05-27,151,3.0
2011-05-28,101,4.0
2011-05-29,132,10.0
2011-05-30,179,7.0
2011-05-31,240,6.0
2011-06-01,216,4.0
2011-06-02,243,7.0
2011-06-03,200,7.0
2011-06-04,153,4.0
2011-06-05,167,5.0
2011-06-06,257,6.0
2011-06-07,219,9.0
2011-06-08,202,9.0
2011-06-09,142,10.0
2011-06-10,159,8.0
2011-06-11,82,5.0
2011-06-12,215,5.0
2011-06-13,111,6.0
2011-06-14,65,11.0
2011-06-15,295,6.0
2011-06-16,132,7.0
2011-06-17,117,8.0
2011-06-18,53,13.0
2011-06-19,98,6.0
2011-06-20,124,7.0
2011-06-21,117,7.0
2011-06-22,134,9.0
2011-06-23,222,7.0
2011-06-24,117,7.0
2011-06-25,14,14.0
2011-06-26,305,8.0
2011-06-27,158,9.0
2011-06-28,131,10.0
2011-06-29,143,7.0
2011-06-30,152,10.0
2011-07-01,169,14.0
2011-07-02,192,18.0
2011-07-03,207,17.0
2011-07-04,212,11.0
2011-07-05,214,11.0
2011-07-06,215,12.0
2011-07-07,316,12.0
2011-07-08,225,8.0
2011-07-09,209,3.0
2011-07-10,109,5.0
2011-07-11,77,8.0
2011-07-12,67,9.0
2011-07-13,21,8.0
2011-07-14,53,6.0
2011-07-15,24,8.0
2011-07-16,102,7.0
2011-07-17,248,7.0
2011-07-18,257,12.0
2011-07-19,278,7.0
2011-07-20,160,5.0
2011-07-21,135,6.0
2011-07-22,125,8.0
2011-07-23,182,9.0
2011-07-24,197,11.0
2011-07-25,211,11.0
2011-07-26,196,9.0
2011-07-27,197,5.0
2011-07-28,144,7.0
2011-07-29,164,7.0
2011-07-30,180,5.0
2011-07-31,194,5.0
2011-08-01,223,7.0
2011-08-02,259,9.0
2011-08-03,330,7.0
2011-08-04,173,6.0
2011-08-05,193,9.0
2011-08-06,350,11.0
2011-08-07,301,8.0
2011-08-08,236,6.0
2011-08-09,182,4.0
2011-08-10,103,7.0
2011-08-11,200,6.0
2011-08-12,192,6.0
2011-08-13,188,11.0
2011-08-14,193,14.0
2011-08-15,195,15.0
2011-08-16,206,15.0
2011-08-17,191,7.0
2011-08-18,201,9.0
2011-08-19,197,7.0
2011-08-20,140,8.0
2011-08-21,218,9.0
2011-08-22,180,11.0
2011-08-23,58,12.0
2011-08-24,101,9.0
2011-08-25,106,6.0
2011-08-26,187,8.0
2011-08-27,257,7.0
2011-08-28,216,7.0
2011-08-29,176,7.0
2011-08-30,25,10.0
2011-08-31,12,10.0
2011-09-01,23,9.0
2011-09-02,38,9.0
2011-09-03,56,6.0
2011-09-04,70,9.0
2011-09-05,54,10.0
2011-09-06,56,11.0
2011-09-07,187,8.0
2011-09-08,304,8.0
2011-09-09,225,9.0
2011-09-10,49,7.0
2011-09-11,65,8.0
2011-09-12,209,5.0
2011-09-13,63,5.0
2011-09-14,97,5.0
2011-09-15,216,8.0
2011-09-16,264,6.0
2011-09-17,19,13.0
2011-09-18,56,18.0
2011-09-19,139,16.0
2011-09-20,297,9.0
2011-09-21,314,7.0
2011-09-22,139,5.0
2011-09-23,193,4.0
2011-09-24,138,3.0
2011-09-25,68,6.0
2011-09-26,70,4.0
2011-09-27,67,5.0
2011-09-28,181,10.0
2011-09-29,141,16.0
2011-09-30,28,13.0
2011-10-01,68,10.0
2011-10-02,31,15.0
2011-10-03,40,12.0
2011-10-04,147,8.0
2011-10-05,290,8.0
2011-10-06,224,4.0
2011-10-07,166,4.0
2011-10-08,125,7.0
2011-10-09,122,6.0
2011-10-10,59,8.0
2011-10-11,26,11.0
2011-10-12,137,11.0
2011-10-13,285,10.0
2011-10-14,251,6.0
2011-10-15,282,13.0
2011-10-16,274,7.0
2011-10-17,123,4.0
2011-10-18,103,10.0
2011-10-19,121,8.0
2011-10-20,202,4.0
2011-10-21,190,6.0
2011-10-22,91,8.0
2011-10-23,263,10.0
2011-10-24,96,20.0
2011-10-25,24,10.0
2011-10-26,36,7.0
2011-10-27,98,10.0
2011-10-28,203,5.0
2011-10-29,254,4.0
2011-10-30,112,5.0
2011-10-31,109,6.0
2011-11-01,62,6.0
2011-11-02,28,8.0
2011-11-03,38,9.0
2011-11-04,55,9.0
2011-11-05,92,11.0
2011-11-06,22,14.0
2011-11-07,114,14.0
2011-11-08,51,18.0
2011-11-09,12,15.0
2011-11-10,94,6.0
2011-11-11,132,4.0
2011-11-12,56,6.0
2011-11-13,23,11.0
2011-11-14,46,8.0
2011-11-15,72,9.0
2011-11-16,74,8.0
2011-11-17,91,6.0
2011-11-18,139,10.0
2011-11-19,16,14.0
2011-11-20,85,11.0
2011-11-21,99,12.0
2011-11-22,146,6.0
2011-11-23,44,10.0
2011-11-24,115,10.0
2011-11-25,100,7.0
2011-11-26,126,5.0
2011-11-27,52,7.0
2011-11-28,110,12.0
2011-11-29,136,16.0
2011-11-30,50,24.0
2011-12-01,50,14.0
2011-12-02,205,7.0
2011-12-03,69,9.0
2011-12-04,73,11.0
2011-12-05,64,11.0
2011-12-06,95,13.0
2011-12-07,305,13.0
2011-12-08,55,20.0
2011-12-09,15,14.0
2011-12-10,218,9.0
2011-12-11,147,2.0
2011-12-12,188,4.0
2011-12-13,142,5.0
2011-12-14,137,10.0
2011-12-15,57,15.0
2011-12-16,19,13.0
2011-12-17,56,8.0
2011-12-18,109,6.0
2011-12-19,80,8.0
2011-12-20,145,9.0
2011-12-21,55,13.0
2011-12-22,24,16.0
2011-12-23,215,9.0
2011-12-24,219,5.0
2011-12-25,137,6.0
2011-12-26,71,11.0
2011-12-27,66,7.0
2011-12-28,174,7.0
2011-12-29,20,13.0
2011-12-30,56,9.0
2011-12-31,290,7.0
2012-01-01,67,11.0
2012-01-02,109,10.0
2012-01-03,11,15.0
2012-01-04,103,9.0
2012-01-05,102,6.0
2012-01-06,39,8.0
2012-01-07,202,8.0
2012-01-08,269,6.0
2012-01-09,113,9.0
2012-01-10,73,11.0
2012-01-11,65,14.0
2012-01-12,77,6.0
2012-01-13,28,6.0
2012-01-14,104,9.0
2012-01-15,145,9.0
2012-01-16,310,3.0
2012-01-17,78,7.0
2012-01-18,95,10.0
2012-01-19,51,12.0
2012-01-20,26,14.0
2012-01-21,22,22.0
2012-01-22,98,15.0
2012-01-23,104,6.0
2012-01-24,14,12.0
2012-01-25,133,6.0
2012-01-26,173,5.0
2012-01-27,91,5.0
2012-01-28,12,10.0
2012-01-29,16,13.0
2012-01-30,205,8.0
2012-01-31,198,9.0
2012-02-01,31,17.0
2012-02-02,65,14.0
2012-02-03,170,6.0
2012-02-04,105,8.0
2012-02-05,59,6.0
2012-02-06,139,17.0
2012-02-07,20,20.0
2012-02-08,115,8.0
2012-02-09,56,11.0
2012-02-10,210,9.0
2012-02-11,107,7.0
2012-02-12,91,10.0
2012-02-13,106,7.0
2012-02-14,57,6.0
2012-02-15,61,11.0
2012-02-16,64,10.0
2012-02-17,22,13.0
2012-02-18,87,9.0
2012-02-19,164,9.0
2012-02-20,135,10.0
2012-02-21,103,6.0
2012-02-22,208,4.0
2012-02-23,31,15.0
2012-02-24,57,15.0
2012-02-25,38,15.0
2012-02-26,108,7.0
2012-02-27,57,6.0
2012-02-28,84,9.0
2012-02-29,103,6.0
2012-03-01,281,4.0
2012-03-02,101,11.0
2012-03-03,23,11.0
2012-03-04,64,10.0
2012-03-05,203,6.0
2012-03-06,68,7.0
2012-03-07,91,9.0
2012-03-08,34,10.0
2012-03-09,133,6.0
2012-03-10,235,4.0
2012-03-11,74,10.0
2012-03-12,114,6.0
2012-03-13,172,4.0
2012-03-14,120,10.0
2012-03-15,145,8.0
2012-03-16,228,5.0
2012-03-17,136,3.0
2012-03-18,98,8.0
2012-03-19,19,17.0
2012-03-20,65,10.0
2012-03-21,69,9.0
2012-03-22,134,17.0
2012-03-23,319,12.0
2012-03-24,216,6.0
2012-03-25,180,4.0
2012-03-26,144,8.0
2012-03-27,130,7.0
2012-03-28,115,13.0
2012-03-29,188,5.0
2012-03-30,148,10.0
2012-03-31,267,9.0
2012-04-01,173,14.0
2012-04-02,171,17.0
2012-04-03,87,7.0
2012-04-04,187,5.0
2012-04-05,249,5.0
2012-04-06,152,5.0
2012-04-07,132,6.0
2012-04-08,151,11.0
2012-04-09,132,8.0
2012-04-10,213,7.0
2012-04-11,140,8.0
2012-04-12,164,15.0
2012-04-13,294,8.0
2012-04-14,166,5.0
2012-04-15,268,5.0
2012-04-16,144,5.0
2012-04-17,108,6.0
2012-04-18,218,6.0
2012-04-19,120,5.0
2012-04-20,127,12.0
2012-04-21,245,7.0
2012-04-22,160,12.0
2012-04-23,143,18.0
2012-04-24,225,16.0
2012-04-25,281,9.0
2012-04-26,199,9.0
2012-04-27,175,10.0
2012-04-28,102,11.0
2012-04-29,251,6.0
2012-04-30,75,10.0
2012-05-01,263,11.0
2012-05-02,158,4.0
2012-05-03,118,6.0
2012-05-04,235,4.0
2012-05-05,153,2.0
2012-05-06,146,5.0
2012-05-07,126,10.0
2012-05-08,135,8.0
2012-05-09,87,8.0
2012-05-10,127,6.0
2012-05-11,132,7.0
2012-05-12,124,15.0
2012-05-13,190,9.0
2012-05-14,58,12.0
2012-05-15,249,5.0
2012-05-16,224,9.0
2012-05-17,155,5.0
2012-05-18,99,10.0
2012-05-19,105,7.0
2012-05-20,69,9.0
2012-05-21,100,11.0
2012-05-22,140,8.0
2012-05-23,138,5.0
2012-05-24,199,7.0
2012-05-25,212,7.0
2012-05-26,233,5.0
2012-05-27,179,4.0
2012-05-28,101,9.0
2012-05-29,127,11.0
2012-05-30,110,9.0
2012-05-31,87,9.0
2012-06-01,180,5.0
2012-06-02,162,3.0
2012-06-03,162,7.0
2012-06-04,241,7.0
2012-06-05,168,3.0
2012-06-06,193,5.0
2012-06-07,211,5.0
2012-06-08,218,7.0
2012-06-09,212,4.0
2012-06-10,129,4.0
2012-06-11,243,8.0
2012-06-12,204,6.0
2012-06-13,164,7.0
2012-06-14,193,8.0
2012-06-15,56,10.0
2012-06-16,89,9.0
2012-06-17,107,8.0
2012-06-18,143,4.0
2012-06-19,121,3.0
2012-06-20,134,6.0
2012-06-21,124,8.0
2012-06-22,133,11.0
2012-06-23,145,7.0
2012-06-24,149,6.0
2012-06-25,115,9.0
2012-06-26,95,12.0
2012-06-27,93,8.0
2012-06-28,143,7.0
2012-06-29,191,5.0
2012-06-30,69,7.0
2012-07-01,246,6.0
2012-07-02,208,16.0
2012-07-03,208,15.0
2012-07-04,196,13.0
2012-07-05,248,13.0
2012-07-06,238,8.0
2012-07-07,168,12.0
2012-07-08,187,14.0
2012-07-09,200,16.0
2012-07-10,225,16.0
2012-07-11,232,12.0
2012-07-12,219,10.0
2012-07-13,273,6.0
2012-07-14,201,8.0
2012-07-15,57,6.0
2012-07-16,100,8.0
2012-07-17,100,9.0
2012-07-18,102,7.0
2012-07-19,163,6.0
2012-07-20,145,7.0
2012-07-21,136,9.0
2012-07-22,172,7.0
2012-07-23,57,10.0
2012-07-24,97,11.0
2012-07-25,113,10.0
2012-07-26,134,8.0
2012-07-27,129,6.0
2012-07-28,163,6.0
2012-07-29,196,8.0
2012-07-30,143,7.0
2012-07-31,123,6.0
2012-08-01,65,9.0
2012-08-02,62,13.0
2012-08-03,223,15.0
2012-08-04,145,14.0
2012-08-05,65,12.0
2012-08-06,44,10.0
2012-08-07,93,10.0
2012-08-08,132,10.0
2012-08-09,330,17.0
2012-08-10,332,18.0
2012-08-11,329,13.0
2012-08-12,240,5.0
2012-08-13,33,9.0
2012-08-14,208,6.0
2012-08-15,220,8.0
2012-08-16,19,9.0
2012-08-17,74,6.0
2012-08-18,182,6.0
2012-08-19,180,3.0
2012-08-20,112,5.0
2012-08-21,131,13.0
2012-08-22,19,14.0
2012-08-23,100,7.0
2012-08-24,223,5.0
2012-08-25,63,6.0
2012-08-26,114,11.0
2012-08-27,265,9.0
2012-08-28,312,5.0
2012-08-29,264,3.0
2012-08-30,158,4.0
2012-08-31,86,8.0
2012-09-01,121,9.0
2012-09-02,279,11.0
2012-09-03,188,9.0
2012-09-04,99,7.0
2012-09-05,129,9.0
2012-09-06,107,6.0
2012-09-07,121,6.0
2012-09-08,154,11.0
2012-09-09,66,9.0
2012-09-10,66,6.0
2012-09-11,176,8.0
2012-09-12,305,15.0
2012-09-13,280,6.0
2012-09-14,149,4.0
2012-09-15,78,8.0
2012-09-16,120,7.0
2012-09-17,197,5.0
2012-09-18,258,5.0
2012-09-19,186,5.0
2012-09-20,106,9.0
2012-09-21,88,7.0
2012-09-22,249,3.0
2012-09-23,169,4.0
2012-09-24,54,6.0
2012-09-25,86,8.0
2012-09-26,65,8.0
2012-09-27,99,10.0
2012-09-28,98,18.0
2012-09-29,18,9.0
2012-09-30,112,5.0
2012-10-01,95,6.0
2012-10-02,114,6.0
2012-10-03,125,5.0
2012-10-04,83,4.0
2012-10-05,255,8.0
2012-10-06,100,4.0
2012-10-07,164,5.0
2012-10-08,154,6.0
2012-10-09,325,8.0
2012-10-10,147,9.0
2012-10-11,102,9.0
2012-10-12,91,7.0
2012-10-13,271,6.0
2012-10-14,161,4.0
2012-10-15,116,5.0
2012-10-16,292,10.0
2012-10-17,156,9.0
2012-10-18,121,8.0
2012-10-19,131,7.0
2012-10-20,112,5.0
2012-10-21,159,7.0
2012-10-22,144,15.0
2012-10-23,83,5.0
2012-10-24,211,6.0
2012-10-25,184,4.0
2012-10-26,220,6.0
2012-10-27,217,6.0
2012-10-28,80,7.0
2012-10-29,107,10.0
2012-10-30,141,13.0
2012-10-31,221,4.0
2012-11-01,104,9.0
2012-11-02,114,10.0
2012-11-03,115,11.0
2012-11-04,230,8.0
2012-11-05,81,8.0
2012-11-06,58,6.0
2012-11-07,60,7.0
2012-11-08,91,7.0
2012-11-09,112,8.0
2012-11-10,247,12.0
2012-11-11,132,4.0
2012-11-12,173,5.0
2012-11-13,187,7.0
2012-11-14,77,11.0
2012-11-15,84,11.0
2012-11-16,257,12.0
2012-11-17,181,7.0
2012-11-18,131,5.0
2012-11-19,92,6.0
2012-11-20,62,7.0
2012-11-21,141,7.0
2012-11-22,143,12.0
2012-11-23,59,17.0
2012-11-24,95,10.0
2012-11-25,243,12.0
2012-11-26,176,8.0
2012-11-27,132,7.0
2012-11-28,185,9.0
2012-11-29,43,9.0
2012-11-30,32,10.0
2012-12-01,62,15.0
2012-12-02,201,5.0
2012-12-03,144,7.0
2012-12-04,133,8.0
2012-12-05,151,8.0
2012-12-06,134,9.0
2012-12-07,42,8.0
2012-12-08,31,13.0
2012-12-09,48,12.0
2012-12-10,92,6.0
2012-12-11,65,7.0
2012-12-12,102,9.0
2012-12-13,160,8.0
2012-12-14,54,12.0
2012-12-15,62,10.0
2012-12-16,179,10.0
2012-12-17,97,17.0
2012-12-18,27,14.0
2012-12-19,102,11.0
2012-12-20,121,12.0
2012-12-21,347,11.0
2012-12-22,52,16.0
2012-12-23,94,11.0
2012-12-24,129,10.0
2012-12-25,22,16.0
2012-12-26,11,12.0
2012-12-27,296,6.0
2012-12-28,83,7.0
2012-12-29,140,22.0
2012-12-30,292,8.0
2012-12-31,212,11.0
2013-01-01,157,8.0
2013-01-02,30,22.0
2013-01-03,23,20.0
2013-01-04,75,6.0
2013-01-05,185,4.0
2013-01-06,172,4.0
2013-01-07,240,5.0
2013-01-08,173,6.0
2013-01-09,30,10.0
2013-01-10,95,8.0
2013-01-11,174,4.0
2013-01-12,114,6.0
2013-01-13,164,4.0
2013-01-14,74,9.0
2013-01-15,113,6.0
2013-01-16,27,10.0
2013-01-17,19,13.0
2013-01-18,123,7.0
2013-01-19,111,12.0
2013-01-20,26,13.0
2013-01-21,183,11.0
2013-01-22,185,6.0
2013-01-23,185,5.0
2013-01-24,120,12.0
2013-01-25,173,5.0
2013-01-26,70,6.0
2013-01-27,90,8.0
2013-01-28,108,8.0
2013-01-29,184,6.0
2013-01-30,76,12.0
2013-01-31,127,9.0
2013-02-01,144,11.0
2013-02-02,20,12.0
2013-02-03,164,8.0
2013-02-04,19,14.0
2013-02-05,181,10.0
2013-02-06,54,9.0
2013-02-07,25,26.0
2013-02-08,24,14.0
2013-02-09,202,5.0
2013-02-10,128,6.0
2013-02-11,70,10.0
2013-02-12,226,10.0
2013-02-13,131,6.0
2013-02-14,202,4.0
2013-02-15,66,9.0
2013-02-16,122,12.0
2013-02-17,99,4.0
2013-02-18,20,21.0
2013-02-19,49,9.0
2013-02-20,108,3.0
2013-02-21,266,4.0
2013-02-22,249,5.0
2013-02-23,127,7.0
2013-02-24,157,7.0
2013-02-25,54,8.0
2013-02-26,98,9.0
2013-02-27,89,5.0
2013-02-28,139,9.0
2013-03-01,61,25.0
2013-03-02,95,9.0
2013-03-03,257,8.0
2013-03-04,210,9.0
2013-03-05,166,10.0
2013-03-06,215,12.0
2013-03-07,263,11.0
2013-03-08,213,14.0
2013-03-09,200,16.0
2013-03-10,46,20.0
2013-03-11,97,7.0
2013-03-12,259,8.0
2013-03-13,106,19.0
2013-03-14,90,9.0
2013-03-15,128,9.0
2013-03-16,78,9.0
2013-03-17,228,9.0
2013-03-18,217,11.0
2013-03-19,156,9.0
2013-03-20,21,16.0
2013-03-21,137,11.0
2013-03-22,103,11.0
2013-03-23,156,8.0
2013-03-24,54,10.0
2013-03-25,76,16.0
2013-03-26,171,9.0
2013-03-27,184,6.0
2013-03-28,74,6.0
2013-03-29,89,7.0
2013-03-30,80,9.0
2013-03-31,70,9.0
2013-04-01,190,7.0
2013-04-02,87,13.0
2013-04-03,125,9.0
2013-04-04,101,11.0
2013-04-05,179,22.0
2013-04-06,210,10.0
2013-04-07,157,9.0
2013-04-08,161,9.0
2013-04-09,30,16.0
2013-04-10,199,5.0
2013-04-11,162,6.0
2013-04-12,220,8.0
2013-04-13,215,15.0
2013-04-14,219,10.0
2013-04-15,198,14.0
2013-04-16,170,9.0
2013-04-17,118,9.0
2013-04-18,51,18.0
2013-04-19,26,18.0
2013-04-20,95,17.0
2013-04-21,78,7.0
2013-04-22,149,7.0
2013-04-23,285,7.0
2013-04-24,263,4.0
2013-04-25,249,7.0
2013-04-26,199,8.0
2013-04-27,174,11.0
2013-04-28,159,10.0
2013-04-29,63,16.0
2013-04-30,64,12.0
2013-05-01,112,8.0
2013-05-02,180,7.0
2013-05-03,161,3.0
2013-05-04,104,8.0
2013-05-05,124,9.0
2013-05-06,107,10.0
2013-05-07,88,10.0
2013-05-08,211,5.0
2013-05-09,169,12.0
2013-05-10,279,8.0
2013-05-11,218,10.0
2013-05-12,196,11.0
2013-05-13,167,11.0
2013-05-14,114,11.0
2013-05-15,77,13.0
2013-05-16,16,17.0
2013-05-17,195,5.0
2013-05-18,310,6.0
2013-05-19,234,8.0
2013-05-20,217,7.0
2013-05-21,197,7.0
2013-05-22,136,6.0
2013-05-23,128,5.0
2013-05-24,96,7.0
2013-05-25,84,11.0
2013-05-26,210,16.0
2013-05-27,258,7.0
2013-05-28,92,7.0
2013-05-29,50,16.0
2013-05-30,292,5.0
2013-05-31,202,6.0
2013-06-01,233,4.0
2013-06-02,150,3.0
2013-06-03,143,8.0
2013-06-04,118,9.0
2013-06-05,120,8.0
2013-06-06,119,12.0
2013-06-07,225,9.0
2013-06-08,27,11.0
2013-06-09,73,11.0
2013-06-10,267,17.0
2013-06-11,341,9.0
2013-06-12,215,5.0
2013-06-13,118,10.0
2013-06-14,116,8.0
2013-06-15,119,9.0
2013-06-16,172,10.0
2013-06-17,193,13.0
2013-06-18,193,14.0
2013-06-19,133,7.0
2013-06-20,81,8.0
2013-06-21,55,8.0
2013-06-22,100,7.0
2013-06-23,155,8.0
2013-06-24,115,5.0
2013-06-25,203,9.0
2013-06-26,153,5.0
2013-06-27,157,7.0
2013-06-28,123,10.0
2013-06-29,128,11.0
2013-06-30,139,14.0
2013-07-01,170,15.0
2013-07-02,191,17.0
2013-07-03,194,18.0
2013-07-04,205,23.0
2013-07-05,194,13.0
2013-07-06,208,7.0
2013-07-07,192,12.0
2013-07-08,178,14.0
2013-07-09,180,15.0
2013-07-10,188,13.0
2013-07-11,181,11.0
2013-07-12,149,7.0
2013-07-13,56,10.0
2013-07-14,47,12.0
2013-07-15,169,9.0
2013-07-16,153,9.0
2013-07-17,132,11.0
2013-07-18,138,11.0
2013-07-19,161,9.0
2013-07-20,152,9.0
2013-07-21,161,10.0
2013-07-22,177,13.0
2013-07-23,191,16.0
2013-07-24,192,12.0
2013-07-25,153,10.0
2013-07-26,142,10.0
2013-07-27,151,7.0
2013-07-28,165,10.0
2013-07-29,194,12.0
2013-07-30,212,14.0
2013-07-31,198,13.0
2013-08-01,163,11.0
2013-08-02,100,6.0
2013-08-03,174,11.0
2013-08-04,208,12.0
2013-08-05,199,17.0
2013-08-06,193,14.0
2013-08-07,198,14.0
2013-08-08,207,15.0
2013-08-09,203,13.0
2013-08-10,181,9.0
2013-08-11,147,9.0
2013-08-12,139,7.0
2013-08-13,131,5.0
2013-08-14,123,9.0
2013-08-15,138,11.0
2013-08-16,116,8.0
2013-08-17,107,8.0
2013-08-18,75,5.0
2013-08-19,17,13.0
2013-08-20,23,14.0
2013-08-21,24,13.0
2013-08-22,18,23.0
2013-08-23,32,16.0
2013-08-24,71,11.0
2013-08-25,252,6.0
2013-08-26,245,5.0
2013-08-27,129,6.0
2013-08-28,208,7.0
2013-08-29,339,9.0
2013-08-30,178,12.0
2013-08-31,18,10.0
2013-09-01,143,7.0
2013-09-02,194,7.0
2013-09-03,128,4.0
2013-09-04,67,11.0
2013-09-05,217,5.0
2013-09-06,265,4.0
2013-09-07,82,3.0
2013-09-08,179,5.0
2013-09-09,279,5.0
2013-09-10,292,8.0
2013-09-11,302,9.0
2013-09-12,286,5.0
2013-09-13,205,5.0
2013-09-14,195,4.0
2013-09-15,71,5.0
2013-09-16,116,10.0
2013-09-17,114,11.0
2013-09-18,99,11.0
2013-09-19,46,6.0
2013-09-20,153,7.0
2013-09-21,27,9.0
2013-09-22,27,14.0
2013-09-23,34,12.0
2013-09-24,55,21.0
2013-09-25,99,13.0
2013-09-26,133,6.0
2013-09-27,252,4.0
2013-09-28,224,7.0
2013-09-29,97,4.0
2013-09-30,103,6.0
2013-10-01,211,5.0
2013-10-02,62,13.0
2013-10-03,70,6.0
2013-10-04,112,4.0
2013-10-05,53,6.0
2013-10-06,22,11.0
2013-10-07,53,18.0
2013-10-08,106,13.0
2013-10-09,119,5.0
2013-10-10,251,6.0
2013-10-11,139,4.0
2013-10-12,124,12.0
2013-10-13,114,8.0
2013-10-14,87,14.0
2013-10-15,61,21.0
2013-10-16,26,10.0
2013-10-17,167,4.0
2013-10-18,240,6.0
2013-10-19,329,6.0
2013-10-20,33,10.0
2013-10-21,65,8.0
2013-10-22,66,7.0
2013-10-23,149,6.0
2013-10-24,29,14.0
2013-10-25,19,14.0
2013-10-26,69,5.0
2013-10-27,144,7.0
2013-10-28,157,6.0
2013-10-29,72,8.0
2013-10-30,33,13.0
2013-10-31,8,8.0
2013-11-01,183,11.0
2013-11-02,267,11.0
2013-11-03,96,10.0
2013-11-04,74,9.0
2013-11-05,226,6.0
2013-11-06,266,6.0
2013-11-07,70,5.0
2013-11-08,90,9.0
2013-11-09,179,12.0
2013-11-10,10,19.0
2013-11-11,27,13.0
2013-11-12,144,10.0
2013-11-13,221,6.0
2013-11-14,303,8.0
2013-11-15,239,6.0
2013-11-16,213,8.0
2013-11-17,72,7.0
2013-11-18,37,9.0
2013-11-19,132,7.0
2013-11-20,140,6.0
2013-11-21,55,9.0
2013-11-22,76,11.0
2013-11-23,212,6.0
2013-11-24,266,14.0
2013-11-25,228,6.0
2013-11-26,138,6.0
2013-11-27,103,14.0
2013-11-28,176,10.0
2013-11-29,185,7.0
2013-11-30,185,8.0
2013-12-01,118,6.0
2013-12-02,177,8.0
2013-12-03,210,10.0
2013-12-04,190,6.0
2013-12-05,133,9.0
2013-12-06,33,7.0
2013-12-07,140,6.0
2013-12-08,84,10.0
2013-12-09,193,15.0
2013-12-10,170,8.0
2013-12-11,67,9.0
2013-12-12,223,5.0
2013-12-13,75,6.0
2013-12-14,40,7.0
2013-12-15,11,14.0
2013-12-16,52,7.0
2013-12-17,38,10.0
2013-12-18,15,13.0
2013-12-19,107,6.0
2013-12-20,28,10.0
2013-12-21,32,8.0
2013-12-22,67,5.0
2013-12-23,30,8.0
2013-12-24,34,9.0
2013-12-25,111,7.0
2013-12-26,99,19.0
2013-12-27,162,7.0
2013-12-28,212,6.0
2013-12-29,181,5.0
2013-12-30,251,9.0
2013-12-31,246,11.0
2014-01-01,177,7.0
2014-01-02,199,7.0
2014-01-03,253,12.0
2014-01-04,146,5.0
2014-01-05,103,12.0
2014-01-06,72,12.0
2014-01-07,263,12.0
2014-01-08,178,15.0
2014-01-09,71,7.0
2014-01-10,96,10.0
2014-01-11,78,6.0
2014-01-12,210,10.0
2014-01-13,94,6.0
2014-01-14,97,7.0
2014-01-15,105,10.0
2014-01-16,225,5.0
2014-01-17,255,10.0
2014-01-18,61,9.0
2014-01-19,216,8.0
2014-01-20,156,10.0
2014-01-21,72,7.0
2014-01-22,142,11.0
2014-01-23,135,13.0
2014-01-24,162,11.0
2014-01-25,102,15.0
2014-01-26,74,9.0
2014-01-27,156,7.0
2014-01-28,67,7.0
2014-01-29,235,8.0
2014-01-30,174,8.0
2014-01-31,152,12.0
2014-02-01,166,6.0
2014-02-02,119,6.0
2014-02-03,18,22.0
2014-02-04,56,15.0
2014-02-05,71,15.0
2014-02-06,224,13.0
2014-02-07,182,14.0
2014-02-08,30,14.0
2014-02-09,23,22.0
2014-02-10,14,16.0
2014-02-11,38,7.0
2014-02-12,20,13.0
2014-02-13,224,11.0
2014-02-14,163,5.0
2014-02-15,131,7.0
2014-02-16,103,5.0
2014-02-17,93,15.0
2014-02-18,136,16.0
2014-02-19,193,4.0
2014-02-20,119,12.0
2014-02-21,105,10.0
2014-02-22,69,8.0
2014-02-23,56,8.0
2014-02-24,71,11.0
2014-02-25,265,9.0
2014-02-26,199,5.0
2014-02-27,40,8.0
2014-02-28,19,13.0
2014-03-01,55,14.0
2014-03-02,65,7.0
2014-03-03,137,7.0
2014-03-04,290,7.0
2014-03-05,98,11.0
2014-03-06,73,9.0
2014-03-07,110,10.0
2014-03-08,249,5.0
2014-03-09,193,5.0
2014-03-10,118,11.0
2014-03-11,159,9.0
2014-03-12,200,14.0
2014-03-13,237,10.0
2014-03-14,228,10.0
2014-03-15,212,9.0
2014-03-16,187,9.0
2014-03-17,181,10.0
2014-03-18,105,10.0
2014-03-19,94,16.0
2014-03-20,55,14.0
2014-03-21,109,5.0
2014-03-22,152,6.0
2014-03-23,149,4.0
2014-03-24,203,5.0
2014-03-25,149,9.0
2014-03-26,168,9.0
2014-03-27,130,10.0
2014-03-28,129,8.0
2014-03-29,194,11.0
2014-03-30,99,14.0
2014-03-31,23,11.0
2014-04-01,58,6.0
2014-04-02,172,5.0
2014-04-03,94,16.0
2014-04-04,142,7.0
2014-04-05,116,7.0
2014-04-06,93,12.0
2014-04-07,177,5.0
2014-04-08,172,4.0
2014-04-09,146,7.0
2014-04-10,91,13.0
2014-04-11,45,12.0
2014-04-12,266,12.0
2014-04-13,135,6.0
2014-04-14,104,9.0
2014-04-15,81,12.0
2014-04-16,102,10.0
2014-04-17,231,5.0
2014-04-18,96,11.0
2014-04-19,180,16.0
2014-04-20,104,6.0
2014-04-21,98,10.0
2014-04-22,161,7.0
2014-04-23,113,9.0
2014-04-24,72,7.0
2014-04-25,202,9.0
2014-04-26,304,13.0
2014-04-27,298,10.0
2014-04-28,55,8.0
2014-04-29,195,5.0
2014-04-30,219,8.0
2014-05-01,179,8.0
2014-05-02,27,13.0
2014-05-03,157,7.0
2014-05-04,215,7.0
2014-05-05,110,7.0
2014-05-06,174,8.0
2014-05-07,204,11.0
2014-05-08,134,13.0
2014-05-09,119,20.0
2014-05-10,166,14.0
2014-05-11,291,9.0
2014-05-12,144,6.0
2014-05-13,101,8.0
2014-05-14,302,10.0
2014-05-15,265,7.0
2014-05-16,166,4.0
2014-05-17,78,4.0
2014-05-18,187,4.0
2014-05-19,204,6.0
2014-05-20,219,6.0
2014-05-21,97,8.0
2014-05-22,101,8.0
2014-05-23,119,13.0
2014-05-24,134,8.0
2014-05-25,340,10.0
2014-05-26,287,10.0
2014-05-27,230,12.0
2014-05-28,217,6.0
2014-05-29,206,5.0
2014-05-30,113,7.0
2014-05-31,126,9.0
2014-06-01,203,10.0
2014-06-02,103,10.0
2014-06-03,31,9.0
2014-06-04,68,5.0
2014-06-05,126,5.0
2014-06-06,255,5.0
2014-06-07,213,11.0
2014-06-08,162,6.0
2014-06-09,73,3.0
2014-06-10,156,4.0
2014-06-11,86,4.0
2014-06-12,41,11.0
2014-06-13,80,4.0
2014-06-14,75,7.0
2014-06-15,171,8.0
2014-06-16,288,7.0
2014-06-17,221,8.0
2014-06-18,141,7.0
2014-06-19,100,8.0
2014-06-20,37,12.0
2014-06-21,180,14.0
2014-06-22,128,6.0
2014-06-23,210,5.0
2014-06-24,132,8.0
2014-06-25,90,9.0
2014-06-26,118,6.0
2014-06-27,61,6.0
2014-06-28,104,5.0
2014-06-29,145,4.0
2014-06-30,152,4.0
2014-07-01,103,5.0
2014-07-02,217,5.0
2014-07-03,127,4.0
2014-07-04,59,9.0
2014-07-05,216,9.0
2014-07-06,167,4.0
2014-07-07,108,5.0
2014-07-08,107,3.0
2014-07-09,183,5.0
2014-07-10,138,4.0
2014-07-11,146,5.0
2014-07-12,324,7.0
2014-07-13,217,7.0
2014-07-14,209,9.0
2014-07-15,194,9.0
2014-07-16,162,10.0
2014-07-17,122,8.0
2014-07-18,122,7.0
2014-07-19,103,7.0
2014-07-20,170,5.0
2014-07-21,187,6.0
2014-07-22,190,5.0
2014-07-23,99,9.0
2014-07-24,218,15.0
2014-07-25,286,9.0
2014-07-26,241,4.0
2014-07-27,243,3.0
2014-07-28,166,6.0
2014-07-29,173,10.0
2014-07-30,175,10.0
2014-07-31,114,6.0
2014-08-01,60,10.0
2014-08-02,43,8.0
2014-08-03,139,4.0
2014-08-04,139,5.0
2014-08-05,122,5.0
2014-08-06,74,7.0
2014-08-07,49,14.0
2014-08-08,138,9.0
2014-08-09,139,8.0
2014-08-10,339,7.0
2014-08-11,97,10.0
2014-08-12,98,11.0
2014-08-13,222,11.0
2014-08-14,149,6.0
2014-08-15,133,4.0
2014-08-16,120,7.0
2014-08-17,133,6.0
2014-08-18,133,6.0
2014-08-19,156,6.0
2014-08-20,120,5.0
2014-08-21,167,5.0
2014-08-22,174,4.0
2014-08-23,160,5.0
2014-08-24,258,11.0
2014-08-25,204,4.0
2014-08-26,136,5.0
2014-08-27,244,6.0
2014-08-28,218,6.0
2014-08-29,167,4.0
2014-08-30,108,7.0
2014-08-31,293,8.0
2014-09-01,148,6.0
2014-09-02,293,8.0
2014-09-03,206,7.0
2014-09-04,116,5.0
2014-09-05,190,3.0
2014-09-06,155,3.0
2014-09-07,186,4.0
2014-09-08,74,6.0
2014-09-09,102,7.0
2014-09-10,36,9.0
2014-09-11,101,8.0
2014-09-12,79,13.0
2014-09-13,93,7.0
2014-09-14,194,7.0
2014-09-15,342,10.0
2014-09-16,246,10.0
2014-09-17,179,13.0
2014-09-18,346,10.0
2014-09-19,257,6.0
2014-09-20,172,4.0
2014-09-21,41,8.0
2014-09-22,41,11.0
2014-09-23,131,9.0
2014-09-24,131,8.0
2014-09-25,125,5.0
2014-09-26,170,4.0
2014-09-27,80,7.0
2014-09-28,236,12.0
2014-09-29,221,12.0
2014-09-30,33,11.0
2014-10-01,202,6.0
2014-10-02,279,6.0
2014-10-03,105,8.0
2014-10-04,68,9.0
2014-10-05,14,11.0
2014-10-06,35,11.0
2014-10-07,98,7.0
2014-10-08,104,7.0
2014-10-09,60,6.0
2014-10-10,36,8.0
2014-10-11,103,10.0
2014-10-12,49,19.0
2014-10-13,138,15.0
2014-10-14,226,5.0
2014-10-15,178,4.0
2014-10-16,77,8.0
2014-10-17,156,5.0
2014-10-18,155,7.0
2014-10-19,153,6.0
2014-10-20,180,8.0
2014-10-21,261,15.0
2014-10-22,62,5.0
2014-10-23,170,4.0
2014-10-24,169,6.0
2014-10-25,163,7.0
2014-10-26,123,6.0
2014-10-27,41,14.0
2014-10-28,65,14.0
2014-10-29,176,8.0
2014-10-30,101,8.0
2014-10-31,305,7.0
2014-11-01,97,13.0
2014-11-02,133,14.0
2014-11-03,105,5.0
2014-11-04,141,6.0
2014-11-05,172,4.0
2014-11-06,53,6.0
2014-11-07,72,9.0
2014-11-08,32,9.0
2014-11-09,37,6.0
2014-11-10,173,5.0
2014-11-11,298,7.0
2014-11-12,100,15.0
2014-11-13,91,6.0
2014-11-14,107,9.0
2014-11-15,43,10.0
2014-11-16,20,9.0
2014-11-17,32,12.0
2014-11-18,53,7.0
2014-11-19,136,5.0
2014-11-20,134,6.0
2014-11-21,124,4.0
2014-11-22,51,9.0
2014-11-23,98,13.0
2014-11-24,175,16.0
2014-11-25,289,8.0
2014-11-26,110,7.0
2014-11-27,131,9.0
2014-11-28,71,10.0
2014-11-29,199,9.0
2014-11-30,219,15.0
2014-12-01,16,15.0
2014-12-02,66,7.0
2014-12-03,94,8.0
2014-12-04,234,3.0
2014-12-05,118,6.0
2014-12-06,82,9.0
2014-12-07,145,11.0
2014-12-08,64,11.0
2014-12-09,123,10.0
2014-12-10,323,11.0
2014-12-11,53,12.0
2014-12-12,273,7.0
2014-12-13,187,5.0
2014-12-14,118,7.0
2014-12-15,184,12.0
2014-12-16,132,13.0
2014-12-17,205,5.0
2014-12-18,128,6.0
2014-12-19,241,9.0
2014-12-20,46,11.0
2014-12-21,283,10.0
2014-12-22,157,7.0
2014-12-23,207,7.0
2014-12-24,114,7.0
2014-12-25,24,12.0
2014-12-26,75,10.0
2014-12-27,252,7.0
2014-12-28,239,13.0
2014-12-29,195,10.0
2014-12-30,223,4.0
2014-12-31,65,19.0
2015-01-01,58,7.0
2015-01-02,96,5.0
2015-01-03,179,6.0
2015-01-04,127,9.0
2015-01-05,127,10.0
2015-01-06,11,19.0
2015-01-07,184,5.0
2015-01-08,186,4.0
2015-01-09,273,4.0
2015-01-10,243,4.0
2015-01-11,107,4.0
2015-01-12,52,10.0
2015-01-13,156,5.0
2015-01-14,217,6.0
2015-01-15,47,7.0
2015-01-16,265,9.0
2015-01-17,66,10.0
2015-01-18,254,9.0
2015-01-19,141,7.0
2015-01-20,196,8.0
2015-01-21,212,15.0
2015-01-22,83,12.0
2015-01-23,121,10.0
2015-01-24,212,12.0
2015-01-25,100,13.0
2015-01-26,73,9.0
2015-01-27,24,24.0
2015-01-28,22,18.0
2015-01-29,258,13.0
2015-01-30,65,9.0
2015-01-31,34,9.0
2015-02-01,114,3.0
2015-02-02,131,7.0
2015-02-03,287,8.0
2015-02-04,302,9.0
2015-02-05,142,8.0
2015-02-06,141,6.0
2015-02-07,204,8.0
2015-02-08,48,14.0
2015-02-09,90,8.0
2015-02-10,191,10.0
2015-02-11,243,11.0
2015-02-12,181,7.0
2015-02-13,79,9.0
2015-02-14,130,17.0
2015-02-15,131,9.0
2015-02-16,85,7.0
2015-02-17,89,9.0
2015-02-18,65,17.0
2015-02-19,43,14.0
2015-02-20,300,11.0
2015-02-21,277,8.0
2015-02-22,106,10.0
2015-02-23,98,6.0
2015-02-24,153,6.0
2015-02-25,68,8.0
2015-02-26,94,7.0
2015-02-27,36,17.0
2015-02-28,167,14.0
2015-03-01,200,4.0
2015-03-02,204,7.0
2015-03-03,130,18.0
2015-03-04,65,13.0
2015-03-05,44,9.0
2015-03-06,146,5.0
2015-03-07,134,7.0
2015-03-08,176,8.0
2015-03-09,75,13.0
2015-03-10,109,14.0
2015-03-11,138,8.0
2015-03-12,167,10.0
2015-03-13,140,13.0
2015-03-14,137,11.0
2015-03-15,163,9.0
2015-03-16,157,8.0
2015-03-17,165,7.0
2015-03-18,189,8.0
2015-03-19,112,12.0
2015-03-20,174,9.0
2015-03-21,221,5.0
2015-03-22,110,12.0
2015-03-23,25,17.0
2015-03-24,65,9.0
2015-03-25,112,12.0
2015-03-26,65,11.0
2015-03-27,167,4.0
2015-03-28,208,10.0
2015-03-29,95,9.0
2015-03-30,139,10.0
2015-03-31,146,16.0
2015-04-01,87,14.0
2015-04-02,145,12.0
2015-04-03,49,15.0
2015-04-04,63,13.0
2015-04-05,101,17.0
2015-04-06,66,18.0
2015-04-07,23,20.0
2015-04-08,105,7.0
2015-04-09,130,5.0
2015-04-10,248,4.0
2015-04-11,134,6.0
2015-04-12,275,20.0
2015-04-13,300,17.0
2015-04-14,158,9.0
2015-04-15,183,8.0
2015-04-16,81,11.0
2015-04-17,104,15.0
2015-04-18,151,9.0
2015-04-19,184,22.0
2015-04-20,109,14.0
2015-04-21,196,5.0
2015-04-22,176,6.0
2015-04-23,179,5.0
2015-04-24,182,3.0
2015-04-25,148,4.0
2015-04-26,176,7.0
2015-04-27,206,18.0
2015-04-28,127,10.0
2015-04-29,47,13.0
2015-04-30,97,14.0
2015-05-01,118,16.0
2015-05-02,298,20.0
2015-05-03,105,7.0
2015-05-04,51,9.0
2015-05-05,126,6.0
2015-05-06,152,7.0
2015-05-07,117,10.0
2015-05-08,159,14.0
2015-05-09,106,5.0
2015-05-10,97,13.0
2015-05-11,262,21.0
2015-05-12,221,17.0
2015-05-13,186,19.0
2015-05-14,166,14.0
2015-05-15,126,13.0
2015-05-16,92,9.0
2015-05-17,129,9.0
2015-05-18,233,5.0
2015-05-19,132,4.0
2015-05-20,42,19.0
2015-05-21,88,13.0
2015-05-22,197,14.0
2015-05-23,286,7.0
2015-05-24,209,3.0
2015-05-25,114,8.0
2015-05-26,46,10.0
2015-05-27,164,8.0
2015-05-28,43,7.0
2015-05-29,176,14.0
2015-05-30,320,7.0
2015-05-31,163,8.0
2015-06-01,126,12.0
2015-06-02,154,14.0
2015-06-03,43,14.0
2015-06-04,161,9.0
2015-06-05,222,11.0
2015-06-06,146,9.0
2015-06-07,69,10.0
2015-06-08,295,8.0
2015-06-09,200,7.0
2015-06-10,205,11.0
2015-06-11,276,13.0
2015-06-12,214,7.0
2015-06-13,191,8.0
2015-06-14,89,12.0
2015-06-15,171,9.0
2015-06-16,153,9.0
2015-06-17,343,10.0
2015-06-18,130,7.0
2015-06-19,143,7.0
2015-06-20,65,9.0
2015-06-21,48,13.0
2015-06-22,97,6.0
2015-06-23,115,15.0
2015-06-24,181,12.0
2015-06-25,163,16.0
2015-06-26,127,8.0
2015-06-27,158,15.0
2015-06-28,130,8.0
2015-06-29,207,13.0
2015-06-30,307,13.0
2015-07-01,296,5.0
2015-07-02,123,5.0
2015-07-03,165,10.0
2015-07-04,112,6.0
2015-07-05,120,5.0
2015-07-06,113,10.0
2015-07-07,71,7.0
2015-07-08,70,6.0
2015-07-09,63,9.0
2015-07-10,13,14.0
2015-07-11,21,16.0
2015-07-12,295,6.0
2015-07-13,188,6.0
2015-07-14,81,9.0
2015-07-15,81,14.0
2015-07-16,323,12.0
2015-07-17,297,13.0
2015-07-18,135,6.0
2015-07-19,90,6.0
2015-07-20,60,7.0
2015-07-21,178,7.0
2015-07-22,282,4.0
2015-07-23,142,14.0
2015-07-24,265,9.0
2015-07-25,144,7.0
2015-07-26,156,9.0
2015-07-27,183,15.0
2015-07-28,199,19.0
2015-07-29,201,20.0
2015-07-30,195,19.0
2015-07-31,196,20.0
2015-08-01,193,17.0
2015-08-02,200,19.0
2015-08-03,198,23.0
2015-08-04,212,18.0
2015-08-05,206,13.0
2015-08-06,234,7.0
2015-08-07,32,10.0
2015-08-08,28,16.0
2015-08-09,27,26.0
2015-08-10,55,26.0
2015-08-11,20,14.0
2015-08-12,82,7.0
2015-08-13,105,8.0
2015-08-14,107,6.0
2015-08-15,204,8.0
2015-08-16,286,6.0
2015-08-17,114,3.0
2015-08-18,83,11.0
2015-08-19,264,13.0
2015-08-20,335,9.0
2015-08-21,138,3.0
2015-08-22,42,6.0
2015-08-23,44,10.0
2015-08-24,22,15.0
2015-08-25,97,10.0
2015-08-26,204,3.0
2015-08-27,42,5.0
2015-08-28,166,5.0
2015-08-29,239,3.0
2015-08-30,86,4.0
2015-08-31,71,7.0
2015-09-01,97,8.0
2015-09-02,62,10.0
2015-09-03,64,11.0
2015-09-04,160,14.0
2015-09-05,130,7.0
2015-09-06,156,7.0
2015-09-07,32,13.0
2015-09-08,70,10.0
2015-09-09,61,8.0
2015-09-10,61,8.0
2015-09-11,137,15.0
2015-09-12,17,14.0
2015-09-13,44,7.0
2015-09-14,92,6.0
2015-09-15,48,7.0
2015-09-16,92,9.0
2015-09-17,108,9.0
2015-09-18,138,8.0
2015-09-19,116,9.0
2015-09-20,119,9.0
2015-09-21,163,6.0
2015-09-22,212,10.0
2015-09-23,206,3.0
2015-09-24,57,13.0
2015-09-25,20,12.0
2015-09-26,155,7.0
2015-09-27,92,5.0
2015-09-28,107,10.0
2015-09-29,24,20.0
2015-09-30,132,16.0
2015-10-01,302,16.0
2015-10-02,135,5.0
2015-10-03,70,7.0
2015-10-04,93,9.0
2015-10-05,110,5.0
2015-10-06,104,11.0
2015-10-07,328,12.0
2015-10-08,98,18.0
2015-10-09,184,11.0
2015-10-10,200,8.0
2015-10-11,238,6.0
2015-10-12,64,6.0
2015-10-13,120,8.0
2015-10-14,179,7.0
2015-10-15,143,3.0
2015-10-16,91,8.0
2015-10-17,105,9.0
2015-10-18,95,6.0
2015-10-19,94,6.0
2015-10-20,87,4.0
2015-10-21,78,5.0
2015-10-22,37,9.0
2015-10-23,72,6.0
2015-10-24,91,8.0
2015-10-25,124,9.0
2015-10-26,137,20.0
2015-10-27,239,8.0
2015-10-28,86,10.0
2015-10-29,100,9.0
2015-10-30,37,12.0
2015-10-31,103,14.0
2015-11-01,295,9.0
2015-11-02,163,7.0
2015-11-03,125,9.0
2015-11-04,101,8.0
2015-11-05,72,9.0
2015-11-06,59,15.0
2015-11-07,139,15.0
2015-11-08,137,11.0
2015-11-09,41,10.0
2015-11-10,95,14.0
2015-11-11,34,9.0
2015-11-12,98,10.0
2015-11-13,243,5.0
2015-11-14,157,6.0
2015-11-15,56,10.0
2015-11-16,106,14.0
2015-11-17,19,16.0
2015-11-18,99,13.0
2015-11-19,138,7.0
2015-11-20,79,7.0
2015-11-21,63,6.0
2015-11-22,31,13.0
2015-11-23,17,17.0
2015-11-24,184,24.0
2015-11-25,238,10.0
2015-11-26,106,8.0
2015-11-27,130,9.0
2015-11-28,203,5.0
2015-11-29,259,5.0
2015-11-30,118,4.0
2015-12-01,271,5.0
2015-12-02,111,13.0
2015-12-03,46,11.0
2015-12-04,79,9.0
2015-12-05,260,5.0
2015-12-06,244,5.0
2015-12-07,113,4.0
2015-12-08,98,6.0
2015-12-09,275,5.0
2015-12-10,222,10.0
2015-12-11,35,13.0
2015-12-12,33,13.0
2015-12-13,102,12.0
2015-12-14,287,8.0
2015-12-15,104,13.0
2015-12-16,182,15.0
2015-12-17,88,5.0
2015-12-18,86,8.0
2015-12-19,138,8.0
2015-12-20,103,9.0
2015-12-21,109,11.0
2015-12-22,301,10.0
2015-12-23,146,11.0
2015-12-24,262,13.0
2015-12-25,262,10.0
2015-12-26,196,7.0
2015-12-27,92,15.0
2015-12-28,109,8.0
2015-12-29,121,11.0
2015-12-30,225,6.0
2015-12-31,88,10.0
2016-01-01,142,8.0
2016-01-02,160,8.0
2016-01-03,125,5.0
2016-01-04,124,9.0
2016-01-05,68,16.0
2016-01-06,223,11.0
2016-01-07,100,13.0
2016-01-08,90,3.0
2016-01-09,64,10.0
2016-01-10,108,9.0
2016-01-11,54,19.0
2016-01-12,23,13.0
2016-01-13,163,6.0
2016-01-14,236,7.0
2016-01-15,177,7.0
2016-01-16,100,10.0
2016-01-17,179,11.0
2016-01-18,28,14.0
2016-01-19,52,9.0
2016-01-20,34,12.0
2016-01-21,87,8.0
2016-01-22,10,22.0
2016-01-23,190,14.0
2016-01-24,203,13.0
2016-01-25,223,9.0
2016-01-26,150,6.0
2016-01-27,120,8.0
2016-01-28,112,9.0
2016-01-29,17,15.0
2016-01-30,81,9.0
2016-01-31,16,20.0
2016-02-01,102,15.0
2016-02-02,86,5.0
2016-02-03,132,5.0
2016-02-04,197,6.0
2016-02-05,101,13.0
2016-02-06,259,10.0
2016-02-07,224,12.0
2016-02-08,190,12.0
2016-02-09,145,11.0
2016-02-10,117,12.0
2016-02-11,131,8.0
2016-02-12,166,16.0
2016-02-13,136,29.0
2016-02-14,53,21.0
2016-02-15,276,7.0
2016-02-16,259,7.0
2016-02-17,188,4.0
2016-02-18,160,7.0
2016-02-19,20,16.0
2016-02-20,192,10.0
2016-02-21,111,11.0
2016-02-22,171,6.0
2016-02-23,26,14.0
2016-02-24,65,6.0
2016-02-25,165,8.0
2016-02-26,231,14.0
2016-02-27,208,13.0
2016-02-28,136,13.0
2016-02-29,75,10.0
2016-03-01,112,12.0
2016-03-02,80,7.0
2016-03-03,150,7.0
2016-03-04,159,10.0
2016-03-05,23,14.0
2016-03-06,120,8.0
2016-03-07,89,12.0
2016-03-08,69,29.0
2016-03-09,30,25.0
2016-03-10,106,12.0
2016-03-11,167,7.0
2016-03-12,135,8.0
2016-03-13,97,12.0
2016-03-14,77,9.0
2016-03-15,156,8.0
2016-03-16,156,7.0
2016-03-17,205,3.0
2016-03-18,247,6.0
2016-03-19,123,10.0
2016-03-20,80,17.0
2016-03-21,87,11.0
2016-03-22,101,7.0
2016-03-23,29,22.0
2016-03-24,38,14.0
2016-03-25,184,8.0
2016-03-26,108,11.0
2016-03-27,224,11.0
2016-03-28,185,15.0
2016-03-29,165,10.0
2016-03-30,121,6.0
2016-03-31,197,8.0
2016-04-01,153,13.0
2016-04-02,109,12.0
2016-04-03,16,19.0
2016-04-04,109,6.0
2016-04-05,138,11.0
2016-04-06,321,9.0
2016-04-07,167,6.0
2016-04-08,174,3.0
2016-04-09,164,6.0
2016-04-10,131,5.0
2016-04-11,99,13.0
2016-04-12,120,8.0
2016-04-13,212,10.0
2016-04-14,158,9.0
2016-04-15,183,8.0
2016-04-16,152,8.0
2016-04-17,153,9.0
2016-04-18,128,11.0
2016-04-19,134,13.0
2016-04-20,147,12.0
2016-04-21,211,5.0
2016-04-22,136,7.0
2016-04-23,31,13.0
2016-04-24,50,9.0
2016-04-25,121,4.0
2016-04-26,99,10.0
2016-04-27,260,10.0
2016-04-28,87,7.0
2016-04-29,144,11.0
2016-04-30,204,13.0
2016-05-01,176,13.0
2016-05-02,168,16.0
2016-05-03,240,9.0
2016-05-04,150,13.0
2016-05-05,152,13.0
2016-05-06,63,11.0
2016-05-07,28,18.0
2016-05-08,292,9.0
2016-05-09,316,8.0
2016-05-10,288,7.0
2016-05-11,162,13.0
2016-05-12,123,17.0
2016-05-13,50,14.0
2016-05-14,194,15.0
2016-05-15,297,12.0
2016-05-16,202,7.0
2016-05-17,129,11.0
2016-05-18,140,7.0
2016-05-19,164,7.0
2016-05-20,138,9.0
2016-05-21,127,10.0
2016-05-22,47,8.0
2016-05-23,299,6.0
2016-05-24,217,7.0
2016-05-25,214,8.0
2016-05-26,132,13.0
2016-05-27,215,9.0
2016-05-28,132,8.0
2016-05-29,239,7.0
2016-05-30,154,7.0
2016-05-31,148,16.0
2016-06-01,179,8.0
2016-06-02,26,11.0
2016-06-03,272,7.0
2016-06-04,203,8.0
2016-06-05,145,7.0
2016-06-06,96,8.0
2016-06-07,167,7.0
2016-06-08,183,7.0
2016-06-09,79,6.0
2016-06-10,195,7.0
2016-06-11,131,9.0
2016-06-12,114,5.0
2016-06-13,172,7.0
2016-06-14,194,10.0
2016-06-15,259,12.0
2016-06-16,196,9.0
2016-06-17,182,12.0
2016-06-18,168,14.0
2016-06-19,131,15.0
2016-06-20,135,11.0
2016-06-21,209,17.0
2016-06-22,210,15.0
2016-06-23,196,17.0
2016-06-24,91,14.0
2016-06-25,69,10.0
2016-06-26,210,2.0
2016-06-27,249,6.0
2016-06-28,172,5.0
2016-06-29,169,6.0
2016-06-30,160,12.0
2016-07-01,211,14.0
2016-07-02,87,10.0
2016-07-03,182,6.0
2016-07-04,76,10.0
2016-07-05,100,7.0
2016-07-06,111,6.0
2016-07-07,92,5.0
2016-07-08,79,6.0
2016-07-09,102,8.0
2016-07-10,35,9.0
2016-07-11,144,5.0
2016-07-12,202,3.0
2016-07-13,108,4.0
2016-07-14,160,7.0
2016-07-15,227,10.0
2016-07-16,137,5.0
2016-07-17,144,8.0
2016-07-18,153,9.0
2016-07-19,162,9.0
2016-07-20,149,8.0
2016-07-21,151,9.0
2016-07-22,162,8.0
2016-07-23,154,10.0
2016-07-24,179,9.0
2016-07-25,161,8.0
2016-07-26,165,7.0
2016-07-27,161,7.0
2016-07-28,198,14.0
2016-07-29,208,14.0
2016-07-30,201,8.0
2016-07-31,82,6.0
2016-08-01,69,7.0
2016-08-02,66,11.0
2016-08-03,85,9.0
2016-08-04,101,6.0
2016-08-05,169,6.0
2016-08-06,313,4.0
2016-08-07,149,6.0
2016-08-08,19,10.0
2016-08-09,64,10.0
2016-08-10,38,8.0
2016-08-11,57,9.0
2016-08-12,76,7.0
2016-08-13,80,8.0
2016-08-14,71,8.0
2016-08-15,36,8.0
2016-08-16,74,9.0
2016-08-17,49,6.0
2016-08-18,86,8.0
2016-08-19,205,7.0
2016-08-20,144,8.0
2016-08-21,13,14.0
2016-08-22,103,10.0
2016-08-23,183,5.0
2016-08-24,156,4.0
2016-08-25,157,7.0
2016-08-26,6,22.0
2016-08-27,95,14.0
2016-08-28,93,8.0
2016-08-29,111,6.0
2016-08-30,215,6.0
2016-08-31,264,10.0
2016-09-01,236,10.0
2016-09-02,204,6.0
2016-09-03,98,7.0
2016-09-04,88,7.0
2016-09-05,90,8.0
2016-09-06,164,7.0
2016-09-07,267,8.0
2016-09-08,271,5.0
2016-09-09,240,5.0
2016-09-10,266,7.0
2016-09-11,176,5.0
2016-09-12,109,8.0
2016-09-13,78,8.0
2016-09-14,61,9.0
2016-09-15,69,11.0
2016-09-16,147,14.0
2016-09-17,32,12.0
2016-09-18,36,13.0
2016-09-19,23,15.0
2016-09-20,18,11.0
2016-09-21,37,5.0
2016-09-22,97,4.0
2016-09-23,113,6.0
2016-09-24,97,7.0
2016-09-25,102,7.0
2016-09-26,108,7.0
2016-09-27,136,18.0
2016-09-28,58,28.0
2016-09-29,8,22.0
2016-09-30,29,10.0
2016-10-01,212,4.0
2016-10-02,250,5.0
2016-10-03,114,4.0
2016-10-04,185,6.0
2016-10-05,99,9.0
2016-10-06,66,9.0
2016-10-07,77,9.0
2016-10-08,16,20.0
2016-10-09,45,12.0
2016-10-10,104,9.0
2016-10-11,183,8.0
2016-10-12,29,9.0
2016-10-13,142,7.0
2016-10-14,114,4.0
2016-10-15,44,5.0
2016-10-16,184,10.0
2016-10-17,58,7.0
2016-10-18,65,9.0
2016-10-19,48,7.0
2016-10-20,52,9.0
2016-10-21,22,14.0
2016-10-22,139,20.0
2016-10-23,51,15.0
2016-10-24,256,9.0
2016-10-25,258,6.0
2016-10-26,214,7.0
2016-10-27,310,6.0
2016-10-28,182,23.0
2016-10-29,64,14.0
2016-10-30,128,5.0
2016-10-31,176,13.0
2016-11-01,59,12.0
2016-11-02,290,6.0
2016-11-03,226,4.0
2016-11-04,178,8.0
2016-11-05,136,7.0
2016-11-06,50,13.0
2016-11-07,48,21.0
2016-11-08,59,21.0
2016-11-09,94,9.0
2016-11-10,241,10.0
2016-11-11,153,8.0
2016-11-12,137,5.0
2016-11-13,166,5.0
2016-11-14,249,6.0
2016-11-15,88,8.0
2016-11-16,100,7.0
2016-11-17,66,7.0
2016-11-18,284,4.0
2016-11-19,136,6.0
2016-11-20,20,9.0
2016-11-21,223,12.0
2016-11-22,16,31.0
2016-11-23,10,19.0
2016-11-24,28,6.0
2016-11-25,101,6.0
2016-11-26,274,8.0
2016-11-27,177,5.0
2016-11-28,43,10.0
2016-11-29,186,9.0
2016-11-30,279,8.0
2016-12-01,137,4.0
2016-12-02,51,6.0
2016-12-03,180,6.0
2016-12-04,222,10.0
2016-12-05,159,13.0
2016-12-06,132,5.0
2016-12-07,158,4.0
2016-12-08,179,6.0
2016-12-09,63,10.0
2016-12-10,17,11.0
2016-12-11,83,8.0
2016-12-12,106,10.0
2016-12-13,268,17.0
2016-12-14,140,15.0
2016-12-15,131,5.0
2016-12-16,128,7.0
2016-12-17,125,9.0
2016-12-18,121,7.0
2016-12-19,43,9.0
2016-12-20,63,10.0
2016-12-21,299,13.0
2016-12-22,273,7.0
2016-12-23,64,10.0
2016-12-24,57,11.0
2016-12-25,140,13.0
2016-12-26,342,14.0
2016-12-27,106,10.0
2016-12-28,76,7.0
2016-12-29,29,10.0
2016-12-30,100,5.0
2016-12-31,83,4.0
2017-01-01,131,6.0
2017-01-02,182,9.0
2017-01-03,146,4.0
2017-01-04,51,6.0
2017-01-05,224,13.0
2017-01-06,52,11.0
2017-01-07,306,12.0
2017-01-08,101,8.0
2017-01-09,41,9.0
2017-01-10,21,11.0
2017-01-11,118,6.0
2017-01-12,266,7.0
2017-01-13,184,5.0
2017-01-14,44,10.0
2017-01-15,109,8.0
2017-01-16,31,8.0
2017-01-17,104,7.0
2017-01-18,71,7.0
2017-01-19,137,12.0
2017-01-20,21,11.0
2017-01-21,186,4.0
2017-01-22,84,6.0
2017-01-23,95,10.0
2017-01-24,73,10.0
2017-01-25,113,6.0
2017-01-26,225,8.0
2017-01-27,62,10.0
2017-01-28,77,10.0
2017-01-29,135,17.0
2017-01-30,23,16.0
2017-01-31,194,12.0
2017-02-01,101,12.0
2017-02-02,76,5.0
2017-02-03,251,3.0
2017-02-04,250,5.0
2017-02-05,74,5.0
2017-02-06,66,10.0
2017-02-07,19,16.0
2017-02-08,225,16.0
2017-02-09,298,8.0
2017-02-10,24,8.0
2017-02-11,131,4.0
2017-02-12,172,7.0
2017-02-13,118,8.0
2017-02-14,106,10.0
2017-02-15,172,8.0
2017-02-16,227,12.0
2017-02-17,21,18.0
2017-02-18,137,6.0
2017-02-19,191,14.0
2017-02-20,49,19.0
2017-02-21,119,17.0
2017-02-22,265,10.0
2017-02-23,142,7.0
2017-02-24,140,4.0
2017-02-25,283,5.0
2017-02-26,215,5.0
2017-02-27,107,7.0
2017-02-28,194,7.0
2017-03-01,250,19.0
2017-03-02,99,6.0
2017-03-03,162,8.0
2017-03-04,54,7.0
2017-03-05,13,8.0
2017-03-06,143,9.0
2017-03-07,177,10.0
2017-03-08,127,5.0
2017-03-09,151,8.0
2017-03-10,142,8.0
2017-03-11,153,3.0
2017-03-12,45,12.0
2017-03-13,27,25.0
2017-03-14,94,7.0
2017-03-15,127,7.0
2017-03-16,227,5.0
2017-03-17,155,5.0
2017-03-18,216,4.0
2017-03-19,105,5.0
2017-03-20,226,13.0
2017-03-21,65,11.0
2017-03-22,98,5.0
2017-03-23,46,10.0
2017-03-24,251,12.0
2017-03-25,274,8.0
2017-03-26,264,7.0
2017-03-27,176,11.0
2017-03-28,151,10.0
2017-03-29,82,10.0
2017-03-30,79,16.0
2017-03-31,65,12.0
2017-04-01,251,8.0
2017-04-02,153,11.0
2017-04-03,120,12.0
2017-04-04,115,10.0
2017-04-05,143,7.0
2017-04-06,51,9.0
2017-04-07,82,6.0
2017-04-08,130,14.0
2017-04-09,19,22.0
2017-04-10,94,13.0
2017-04-11,287,5.0
2017-04-12,116,4.0
2017-04-13,205,10.0
2017-04-14,165,14.0
2017-04-15,131,10.0
2017-04-16,226,14.0
2017-04-17,258,15.0
2017-04-18,191,9.0
2017-04-19,122,12.0
2017-04-20,154,16.0
2017-04-21,255,8.0
2017-04-22,241,6.0
2017-04-23,185,10.0
2017-04-24,140,11.0
2017-04-25,48,14.0
2017-04-26,59,16.0
2017-04-27,131,11.0
2017-04-28,237,12.0
2017-04-29,204,10.0
2017-04-30,164,10.0
2017-05-01,95,9.0
2017-05-02,82,10.0
2017-05-03,184,18.0
2017-05-04,227,15.0
2017-05-05,182,10.0
2017-05-06,181,11.0
2017-05-07,171,6.0
2017-05-08,288,14.0
2017-05-09,229,11.0
2017-05-10,198,9.0
2017-05-11,156,10.0
2017-05-12,255,9.0
2017-05-13,210,11.0
2017-05-14,78,7.0
2017-05-15,171,10.0
2017-05-16,276,9.0
2017-05-17,192,9.0
2017-05-18,128,10.0
2017-05-19,168,10.0
2017-05-20,102,5.0
2017-05-21,141,8.0
2017-05-22,121,9.0
2017-05-23,175,21.0
2017-05-24,137,14.0
2017-05-25,71,6.0
2017-05-26,233,6.0
2017-05-27,204,6.0
2017-05-28,156,7.0
2017-05-29,151,8.0
2017-05-30,143,4.0
2017-05-31,232,8.0
2017-06-01,249,11.0
2017-06-02,171,7.0
2017-06-03,76,12.0
2017-06-04,58,18.0
2017-06-05,188,15.0
2017-06-06,282,9.0
2017-06-07,192,5.0
2017-06-08,141,8.0
2017-06-09,109,10.0
2017-06-10,227,14.0
2017-06-11,117,8.0
2017-06-12,51,5.0
2017-06-13,91,7.0
2017-06-14,157,5.0
2017-06-15,279,5.0
2017-06-16,323,4.0
2017-06-17,233,5.0
2017-06-18,126,8.0
2017-06-19,168,6.0
2017-06-20,193,5.0
2017-06-21,129,8.0
2017-06-22,148,6.0
2017-06-23,135,10.0
2017-06-24,159,6.0
2017-06-25,261,6.0
2017-06-26,256,7.0
2017-06-27,224,9.0
2017-06-28,182,6.0
2017-06-29,156,6.0
2017-06-30,149,12.0
2017-07-01,142,8.0
2017-07-02,192,5.0
2017-07-03,163,6.0
2017-07-04,168,7.0
2017-07-05,161,11.0
2017-07-06,175,16.0
2017-07-07,180,12.0
2017-07-08,166,11.0
2017-07-09,197,15.0
2017-07-10,206,9.0
2017-07-11,173,12.0
2017-07-12,193,18.0
2017-07-13,191,16.0
2017-07-14,186,12.0
2017-07-15,195,13.0
2017-07-16,164,8.0
2017-07-17,159,6.0
2017-07-18,168,11.0
2017-07-19,179,14.0
2017-07-20,192,16.0
2017-07-21,196,16.0
2017-07-22,184,11.0
2017-07-23,179,8.0
2017-07-24,206,8.0
2017-07-25,159,4.0
2017-07-26,175,6.0
2017-07-27,131,7.0
2017-07-28,35,12.0
2017-07-29,16,13.0
2017-07-30,54,17.0
2017-07-31,8,20.0
2017-08-01,176,17.0
2017-08-02,299,11.0
2017-08-03,232,7.0
2017-08-04,196,4.0
2017-08-05,212,6.0
2017-08-06,197,9.0
2017-08-07,194,12.0
2017-08-08,298,10.0
2017-08-09,239,10.0
2017-08-10,194,8.0
2017-08-11,145,10.0
2017-08-12,178,5.0
2017-08-13,134,5.0
2017-08-14,177,5.0
2017-08-15,213,4.0
2017-08-16,222,6.0
2017-08-17,171,10.0
2017-08-18,165,13.0
2017-08-19,187,13.0
2017-08-20,89,6.0
2017-08-21,71,8.0
2017-08-22,86,9.0
2017-08-23,75,10.0
2017-08-24,153,6.0
2017-08-25,59,8.0
2017-08-26,63,9.0
2017-08-27,117,10.0
2017-08-28,95,10.0
2017-08-29,104,14.0
2017-08-30,304,12.0
2017-08-31,353,9.0
2017-09-01,146,5.0
2017-09-02,30,8.0
2017-09-03,211,10.0
2017-09-04,332,7.0
2017-09-05,92,7.0
2017-09-06,346,10.0
2017-09-07,157,5.0
2017-09-08,110,6.0
2017-09-09,106,9.0
2017-09-10,269,12.0
2017-09-11,139,11.0
2017-09-12,66,7.0
2017-09-13,66,6.0
2017-09-14,103,7.0
2017-09-15,117,7.0
2017-09-16,224,5.0
2017-09-17,102,5.0
2017-09-18,139,5.0
2017-09-19,51,9.0
2017-09-20,97,9.0
2017-09-21,69,4.0
2017-09-22,184,3.0
2017-09-23,81,9.0
2017-09-24,108,8.0
2017-09-25,120,10.0
2017-09-26,126,11.0
2017-09-27,139,15.0
2017-09-28,149,12.0
2017-09-29,87,8.0
2017-09-30,116,9.0
2017-10-01,235,12.0
2017-10-02,182,12.0
2017-10-03,32,17.0
2017-10-04,20,15.0
2017-10-05,302,7.0
2017-10-06,77,5.0
2017-10-07,150,6.0
2017-10-08,98,6.0
2017-10-09,63,7.0
2017-10-10,14,20.0
2017-10-11,13,16.0
2017-10-12,56,15.0
2017-10-13,101,10.0
2017-10-14,59,13.0
2017-10-15,19,18.0
2017-10-16,24,19.0
2017-10-17,15,11.0
2017-10-18,267,9.0
2017-10-19,95,8.0
2017-10-20,68,7.0
2017-10-21,20,9.0
2017-10-22,20,10.0
2017-10-23,26,10.0
2017-10-24,87,10.0
2017-10-25,70,8.0
2017-10-26,331,7.0
2017-10-27,109,3.0
2017-10-28,67,8.0
2017-10-29,19,21.0
2017-10-30,30,9.0
2017-10-31,111,6.0
2017-11-01,156,4.0
2017-11-02,257,4.0
2017-11-03,177,12.0
2017-11-04,52,9.0
2017-11-05,116,8.0
2017-11-06,142,5.0
2017-11-07,254,4.0
2017-11-08,87,7.0
2017-11-09,127,9.0
2017-11-10,26,19.0
2017-11-11,21,15.0
2017-11-12,263,6.0
2017-11-13,249,5.0
2017-11-14,105,6.0
2017-11-15,57,6.0
2017-11-16,78,8.0
2017-11-17,13,18.0
2017-11-18,18,25.0
2017-11-19,151,11.0
2017-11-20,220,7.0
2017-11-21,239,4.0
2017-11-22,126,13.0
2017-11-23,260,6.0
2017-11-24,163,5.0
2017-11-25,206,8.0
2017-11-26,203,6.0
2017-11-27,124,9.0
2017-11-28,195,4.0
2017-11-29,16,17.0
2017-11-30,57,16.0
2017-12-01,39,8.0
2017-12-02,128,4.0
2017-12-03,271,5.0
2017-12-04,102,13.0
2017-12-05,54,7.0
2017-12-06,100,6.0
2017-12-07,52,11.0
2017-12-08,168,8.0
2017-12-09,151,7.0
2017-12-10,121,7.0
2017-12-11,53,6.0
2017-12-12,57,10.0
2017-12-13,19,12.0
2017-12-14,96,11.0
2017-12-15,182,14.0
2017-12-16,105,16.0
2017-12-17,194,6.0
2017-12-18,248,6.0
2017-12-19,150,5.0
2017-12-20,247,7.0
2017-12-21,144,7.0
2017-12-22,105,7.0
2017-12-23,137,7.0
2017-12-24,189,10.0
2017-12-25,92,8.0
2017-12-26,55,6.0
2017-12-27,96,8.0
2017-12-28,82,8.0
2017-12-29,145,7.0
2017-12-30,190,10.0
2017-12-31,146,6.0
2018-01-01,123,8.0
2018-01-02,32,11.0
2018-01-03,23,21.0
2018-01-04,139,16.0
2018-01-05,179,8.0
2018-01-06,109,13.0
2018-01-07,340,11.0
2018-01-08,308,10.0
2018-01-09,260,11.0
2018-01-10,192,5.0
2018-01-11,41,9.0
2018-01-12,84,9.0
2018-01-13,114,11.0
2018-01-14,137,8.0
2018-01-15,131,8.0
2018-01-16,231,6.0
2018-01-17,128,7.0
2018-01-18,185,10.0
2018-01-19,275,6.0
2018-01-20,194,3.0
2018-01-21,173,5.0
2018-01-22,117,7.0
2018-01-23,23,15.0
2018-01-24,27,16.0
2018-01-25,20,17.0
2018-01-26,17,13.0
2018-01-27,99,12.0
2018-01-28,134,13.0
2018-01-29,216,8.0
2018-01-30,66,6.0
2018-01-31,297,9.0
2018-02-01,73,4.0
2018-02-02,137,18.0
2018-02-03,23,12.0
2018-02-04,114,7.0
2018-02-05,274,5.0
2018-02-06,135,5.0
2018-02-07,101,4.0
2018-02-08,98,10.0
2018-02-09,75,6.0
2018-02-10,20,16.0
2018-02-11,167,6.0
2018-02-12,155,7.0
2018-02-13,169,11.0
2018-02-14,113,9.0
2018-02-15,15,12.0
2018-02-16,233,6.0
2018-02-17,90,11.0
2018-02-18,11,14.0
2018-02-19,141,9.0
2018-02-20,106,10.0
2018-02-21,56,13.0
2018-02-22,215,7.0
2018-02-23,147,11.0
2018-02-24,45,11.0
2018-02-25,105,7.0
2018-02-26,139,9.0
2018-02-27,133,11.0
2018-02-28,245,8.0
2018-03-01,60,15.0
2018-03-02,129,8.0
2018-03-03,166,10.0
2018-03-04,102,18.0
2018-03-05,68,18.0
2018-03-06,83,11.0
2018-03-07,170,12.0
2018-03-08,175,7.0
2018-03-09,153,8.0
2018-03-10,137,11.0
2018-03-11,143,10.0
2018-03-12,173,8.0
2018-03-13,165,11.0
2018-03-14,159,13.0
2018-03-15,149,12.0
2018-03-16,39,18.0
2018-03-17,75,11.0
2018-03-18,264,13.0
2018-03-19,136,16.0
2018-03-20,143,16.0
2018-03-21,191,6.0
2018-03-22,190,8.0
2018-03-23,131,10.0
2018-03-24,164,9.0
2018-03-25,148,6.0
2018-03-26,213,6.0
2018-03-27,196,9.0
2018-03-28,150,8.0
2018-03-29,145,5.0
2018-03-30,40,9.0
2018-03-31,112,4.0
2018-04-01,227,3.0
2018-04-02,186,7.0
2018-04-03,127,9.0
2018-04-04,25,21.0
2018-04-05,96,20.0
2018-04-06,174,16.0
2018-04-07,165,9.0
2018-04-08,195,17.0
2018-04-09,168,14.0
2018-04-10,205,16.0
2018-04-11,141,7.0
2018-04-12,67,12.0
2018-04-13,268,18.0
2018-04-14,186,12.0
2018-04-15,273,6.0
2018-04-16,165,5.0
2018-04-17,161,11.0
2018-04-18,147,12.0
2018-04-19,138,14.0
2018-04-20,146,16.0
2018-04-21,159,14.0
2018-04-22,76,15.0
2018-04-23,52,21.0
2018-04-24,98,15.0
2018-04-25,189,8.0
2018-04-26,195,7.0
2018-04-27,171,4.0
2018-04-28,153,6.0
2018-04-29,189,10.0
2018-04-30,149,7.0
2018-05-01,202,5.0
2018-05-02,66,16.0
2018-05-03,92,6.0
2018-05-04,147,10.0
2018-05-05,183,16.0
2018-05-06,281,18.0
2018-05-07,136,11.0
2018-05-08,45,9.0
2018-05-09,91,8.0
2018-05-10,117,10.0
2018-05-11,73,7.0
2018-05-12,276,9.0
2018-05-13,192,8.0
2018-05-14,170,16.0
2018-05-15,189,22.0
2018-05-16,202,24.0
2018-05-17,199,15.0
2018-05-18,94,9.0
2018-05-19,89,6.0
2018-05-20,44,14.0
2018-05-21,78,11.0
2018-05-22,303,18.0
2018-05-23,155,9.0
2018-05-24,165,12.0
2018-05-25,153,15.0
2018-05-26,185,13.0
2018-05-27,325,12.0
2018-05-28,278,4.0
2018-05-29,73,6.0
2018-05-30,116,10.0
2018-05-31,91,9.0
2018-06-01,116,8.0
2018-06-02,114,4.0
2018-06-03,296,3.0
2018-06-04,252,5.0
2018-06-05,205,8.0
2018-06-06,160,8.0
2018-06-07,90,7.0
2018-06-08,89,10.0
2018-06-09,68,14.0
2018-06-10,189,7.0
2018-06-11,218,8.0
2018-06-12,197,10.0
2018-06-13,179,8.0
2018-06-14,149,5.0
2018-06-15,141,8.0
2018-06-16,108,11.0
2018-06-17,114,8.0
2018-06-18,118,10.0
2018-06-19,272,13.0
2018-06-20,112,9.0
2018-06-21,105,6.0
2018-06-22,80,8.0
2018-06-23,87,9.0
2018-06-24,149,10.0
2018-06-25,186,17.0
2018-06-26,202,20.0
2018-06-27,208,21.0
2018-06-28,225,17.0
2018-06-29,211,6.0
2018-06-30,86,7.0
2018-07-01,106,7.0
2018-07-02,126,5.0
2018-07-03,125,5.0
2018-07-04,163,11.0
2018-07-05,284,8.0
2018-07-06,209,14.0
2018-07-07,22,13.0
2018-07-08,37,9.0
2018-07-09,161,7.0
2018-07-10,99,6.0
2018-07-11,27,12.0
2018-07-12,106,14.0
2018-07-13,191,11.0
2018-07-14,164,9.0
2018-07-15,150,9.0
2018-07-16,139,11.0
2018-07-17,139,11.0
2018-07-18,133,11.0
2018-07-19,136,10.0
2018-07-20,138,7.0
2018-07-21,70,8.0
2018-07-22,44,10.0
2018-07-23,41,9.0
2018-07-24,194,4.0
2018-07-25,194,9.0
2018-07-26,187,10.0
2018-07-27,141,9.0
2018-07-28,101,9.0
2018-07-29,168,9.0
2018-07-30,172,5.0
2018-07-31,110,6.0
2018-08-01,78,7.0
2018-08-02,78,8.0
2018-08-03,39,8.0
2018-08-04,183,8.0
2018-08-05,201,5.0
2018-08-06,203,3.0
2018-08-07,231,5.0
2018-08-08,147,5.0
2018-08-09,70,5.0
2018-08-10,89,4.0
2018-08-11,75,6.0
2018-08-12,79,9.0
2018-08-13,65,15.0
2018-08-14,34,12.0
2018-08-15,22,16.0
2018-08-16,12,24.0
2018-08-17,259,24.0
2018-08-18,271,18.0
2018-08-19,238,12.0
2018-08-20,100,11.0
2018-08-21,32,11.0
2018-08-22,19,13.0
2018-08-23,17,15.0
2018-08-24,31,12.0
2018-08-25,41,12.0
2018-08-26,26,12.0
2018-08-27,30,13.0
2018-08-28,41,10.0
2018-08-29,62,11.0
2018-08-30,84,12.0
2018-08-31,82,7.0
2018-09-01,67,3.0
2018-09-02,240,4.0
2018-09-03,264,7.0
2018-09-04,51,6.0
2018-09-05,75,9.0
2018-09-06,173,12.0
2018-09-07,224,15.0
2018-09-08,30,13.0
2018-09-09,71,7.0
2018-09-10,59,7.0
2018-09-11,33,5.0
2018-09-12,49,6.0
2018-09-13,65,6.0
2018-09-14,66,8.0
2018-09-15,23,15.0
2018-09-16,21,22.0
2018-09-17,28,15.0
2018-09-18,154,7.0
2018-09-19,202,10.0
2018-09-20,20,13.0
2018-09-21,346,11.0
2018-09-22,154,6.0
2018-09-23,163,4.0
2018-09-24,75,8.0
2018-09-25,69,14.0
2018-09-26,113,13.0
2018-09-27,193,7.0
2018-09-28,217,10.0
2018-09-29,194,6.0
2018-09-30,141,9.0
2018-10-01,108,12.0
2018-10-02,138,5.0
2018-10-03,106,5.0
2018-10-04,50,8.0
2018-10-05,25,11.0
2018-10-06,84,5.0
2018-10-07,104,5.0
2018-10-08,182,8.0
2018-10-09,241,8.0
2018-10-10,33,9.0
2018-10-11,114,9.0
2018-10-12,112,10.0
2018-10-13,137,9.0
2018-10-14,65,10.0
2018-10-15,257,6.0
2018-10-16,185,5.0
2018-10-17,41,10.0
2018-10-18,62,11.0
2018-10-19,49,9.0
2018-10-20,71,6.0
2018-10-21,131,6.0
2018-10-22,264,8.0
2018-10-23,196,5.0
2018-10-24,156,7.0
2018-10-25,260,4.0
2018-10-26,175,11.0
2018-10-27,119,8.0
2018-10-28,255,9.0
2018-10-29,287,5.0
2018-10-30,140,6.0
2018-10-31,77,6.0
2018-11-01,110,11.0
2018-11-02,98,10.0
2018-11-03,109,8.0
2018-11-04,58,8.0
2018-11-05,12,18.0
2018-11-06,307,20.0
2018-11-07,339,12.0
2018-11-08,234,11.0
2018-11-09,124,7.0
2018-11-10,133,8.0
2018-11-11,134,12.0
2018-11-12,41,8.0
2018-11-13,90,6.0
2018-11-14,63,10.0
2018-11-15,20,12.0
2018-11-16,32,16.0
2018-11-17,15,15.0
2018-11-18,167,11.0
2018-11-19,162,4.0
2018-11-20,162,7.0
2018-11-21,136,16.0
2018-11-22,70,6.0
2018-11-23,166,10.0
2018-11-24,129,7.0
2018-11-25,231,4.0
2018-11-26,160,5.0
2018-11-27,70,4.0
2018-11-28,139,4.0
2018-11-29,67,8.0
2018-11-30,123,10.0
2018-12-01,94,7.0
2018-12-02,59,5.0
2018-12-03,144,14.0
2018-12-04,64,16.0
2018-12-05,121,12.0
2018-12-06,59,23.0
2018-12-07,33,20.0
2018-12-08,38,11.0
2018-12-09,39,6.0
2018-12-10,142,8.0
2018-12-11,182,16.0
2018-12-12,99,8.0
2018-12-13,92,5.0
2018-12-14,44,7.0
2018-12-15,229,6.0
2018-12-16,240,9.0
2018-12-17,187,6.0
2018-12-18,139,7.0
2018-12-19,71,8.0
2018-12-20,64,5.0
2018-12-21,52,8.0
2018-12-22,139,13.0
2018-12-23,104,16.0
2018-12-24,43,9.0
2018-12-25,109,10.0
2018-12-26,55,16.0
2018-12-27,63,17.0
2018-12-28,23,27.0
2018-12-29,61,14.0
2018-12-30,29,8.0
2018-12-31,144,4.0
2019-01-01,68,6.0
2019-01-02,81,5.0
2019-01-03,100,7.0
2019-01-04,125,9.0
2019-01-05,129,10.0
2019-01-06,85,8.0
2019-01-07,232,10.0
2019-01-08,34,10.0
2019-01-09,43,9.0
2019-01-10,235,6.0
2019-01-11,303,5.0
2019-01-12,53,4.0
2019-01-13,50,5.0
2019-01-14,345,8.0
2019-01-15,22,18.0
2019-01-16,27,7.0
2019-01-17,196,5.0
2019-01-18,158,8.0
2019-01-19,355,7.0
2019-01-20,15,17.0
2019-01-21,306,9.0
2019-01-22,235,9.0
2019-01-23,141,7.0
2019-01-24,122,11.0
2019-01-25,17,16.0
2019-01-26,63,11.0
2019-01-27,87,8.0
2019-01-28,244,6.0
2019-01-29,237,3.0
2019-01-30,12,10.0
2019-01-31,126,17.0
2019-02-01,156,7.0
2019-02-02,91,10.0
2019-02-03,14,12.0
2019-02-04,96,7.0
2019-02-05,189,8.0
2019-02-06,92,16.0
2019-02-07,26,24.0
2019-02-08,29,15.0
2019-02-09,18,17.0
2019-02-10,19,11.0
2019-02-11,156,7.0
2019-02-12,17,8.0
2019-02-13,136,6.0
2019-02-14,335,6.0
2019-02-15,238,8.0
2019-02-16,42,10.0
2019-02-17,62,9.0
2019-02-18,132,8.0
2019-02-19,219,3.0
2019-02-20,131,9.0
2019-02-21,239,9.0
2019-02-22,144,8.0
2019-02-23,91,7.0
2019-02-24,168,3.0
2019-02-25,141,5.0
2019-02-26,77,9.0
2019-02-27,16,9.0
2019-02-28,88,6.0
2019-03-01,52,10.0
2019-03-02,332,9.0
2019-03-03,279,7.0
2019-03-04,104,13.0
2019-03-05,122,8.0
2019-03-06,40,13.0
2019-03-07,41,13.0
2019-03-08,124,7.0
2019-03-09,293,5.0
2019-03-10,268,6.0
2019-03-11,224,7.0
2019-03-12,302,6.0
2019-03-13,56,16.0
2019-03-14,306,9.0
2019-03-15,228,8.0
2019-03-16,200,10.0
2019-03-17,89,5.0
2019-03-18,231,9.0
2019-03-19,140,15.0
2019-03-20,303,14.0
2019-03-21,32,27.0
2019-03-22,15,16.0
2019-03-23,38,7.0
2019-03-24,169,8.0
2019-03-25,226,8.0
2019-03-26,148,9.0
2019-03-27,174,9.0
2019-03-28,148,8.0
2019-03-29,219,6.0
2019-03-30,31,18.0
2019-03-31,68,7.0
2019-04-01,144,11.0
2019-04-02,70,13.0
2019-04-03,97,10.0
2019-04-04,204,6.0
2019-04-05,221,12.0
2019-04-06,219,15.0
2019-04-07,222,10.0
2019-04-08,171,18.0
2019-04-09,7,20.0
2019-04-10,48,13.0
2019-04-11,204,6.0
2019-04-12,118,14.0
2019-04-13,195,6.0
2019-04-14,31,14.0
2019-04-15,156,11.0
2019-04-16,252,12.0
2019-04-17,185,13.0
2019-04-18,139,16.0
2019-04-19,63,15.0
2019-04-20,55,12.0
2019-04-21,124,14.0
2019-04-22,114,5.0
2019-04-23,241,6.0
2019-04-24,83,7.0
2019-04-25,140,12.0
2019-04-26,29,18.0
2019-04-27,106,15.0
2019-04-28,38,12.0
2019-04-29,241,9.0
2019-04-30,347,9.0
2019-05-01,44,14.0
2019-05-02,125,8.0
2019-05-03,132,12.0
2019-05-04,156,11.0
2019-05-05,117,10.0
2019-05-06,38,16.0
2019-05-07,81,7.0
2019-05-08,269,6.0
2019-05-09,243,7.0
2019-05-10,218,7.0
2019-05-11,164,6.0
2019-05-12,162,10.0
2019-05-13,218,8.0
2019-05-14,156,7.0
2019-05-15,123,5.0
2019-05-16,156,4.0
2019-05-17,275,5.0
2019-05-18,99,10.0
2019-05-19,119,16.0
2019-05-20,27,17.0
2019-05-21,243,6.0
2019-05-22,239,7.0
2019-05-23,151,9.0
2019-05-24,175,14.0
2019-05-25,158,15.0
2019-05-26,122,8.0
2019-05-27,29,24.0
2019-05-28,17,12.0
2019-05-29,174,7.0
2019-05-30,232,6.0
2019-05-31,98,8.0
2019-06-01,136,9.0
2019-06-02,193,9.0
2019-06-03,200,10.0
2019-06-04,185,14.0
2019-06-05,165,20.0
2019-06-06,234,15.0
2019-06-07,96,8.0
2019-06-08,113,10.0
2019-06-09,68,5.0
2019-06-10,38,13.0
2019-06-11,104,13.0
2019-06-12,223,8.0
2019-06-13,234,9.0
2019-06-14,63,7.0
2019-06-15,138,11.0
2019-06-16,145,9.0
2019-06-17,108,11.0
2019-06-18,116,4.0
2019-06-19,158,8.0
2019-06-20,216,14.0
2019-06-21,20,9.0
2019-06-22,114,7.0
2019-06-23,55,12.0
2019-06-24,92,7.0
2019-06-25,120,7.0
2019-06-26,213,5.0
2019-06-27,154,8.0
2019-06-28,227,16.0
2019-06-29,302,11.0
2019-06-30,309,9.0
2019-07-01,29,11.0
2019-07-02,65,7.0
2019-07-03,26,5.0
2019-07-04,141,9.0
2019-07-05,219,9.0
2019-07-06,190,10.0
2019-07-07,95,9.0
2019-07-08,167,8.0
2019-07-09,25,10.0
2019-07-10,52,6.0
2019-07-11,136,8.0
2019-07-12,55,10.0
2019-07-13,218,8.0
2019-07-14,97,7.0
2019-07-15,108,10.0
2019-07-16,113,7.0
2019-07-17,100,9.0
2019-07-18,34,13.0
2019-07-19,124,14.0
2019-07-20,296,6.0
2019-07-21,214,4.0
2019-07-22,175,8.0
2019-07-23,209,11.0
2019-07-24,221,12.0
2019-07-25,227,15.0
2019-07-26,216,18.0
2019-07-27,202,17.0
2019-07-28,200,16.0
2019-07-29,196,16.0
2019-07-30,212,13.0
2019-07-31,271,5.0
2019-08-01,115,11.0
2019-08-02,114,10.0
2019-08-03,99,9.0
2019-08-04,150,6.0
2019-08-05,34,3.0
2019-08-06,243,5.0
2019-08-07,232,12.0
2019-08-08,35,13.0
2019-08-09,7,13.0
2019-08-10,353,21.0
2019-08-11,306,12.0
2019-08-12,276,6.0
2019-08-13,212,4.0
2019-08-14,343,6.0
2019-08-15,340,7.0
2019-08-16,233,9.0
2019-08-17,40,6.0
2019-08-18,97,12.0
2019-08-19,98,11.0
2019-08-20,85,7.0
2019-08-21,249,10.0
2019-08-22,16,12.0
2019-08-23,21,10.0
2019-08-24,40,9.0
2019-08-25,29,12.0
2019-08-26,131,13.0
2019-08-27,276,10.0
2019-08-28,124,15.0
2019-08-29,19,10.0
2019-08-30,45,15.0
2019-08-31,122,9.0
2019-09-01,109,5.0
2019-09-02,226,4.0
2019-09-03,11,9.0
2019-09-04,32,11.0
2019-09-05,21,8.0
2019-09-06,239,11.0
2019-09-07,25,9.0
2019-09-08,86,9.0
2019-09-09,89,12.0
2019-09-10,62,14.0
2019-09-11,101,12.0
2019-09-12,106,10.0
2019-09-13,48,12.0
2019-09-14,14,20.0
2019-09-15,132,16.0
2019-09-16,20,15.0
2019-09-17,32,15.0
2019-09-18,21,14.0
2019-09-19,146,11.0
2019-09-20,7,14.0
2019-09-21,20,19.0
2019-09-22,23,17.0
2019-09-23,26,11.0
2019-09-24,51,6.0
2019-09-25,167,3.0
2019-09-26,71,6.0
2019-09-27,40,9.0
2019-09-28,61,6.0
2019-09-29,107,8.0
2019-09-30,106,10.0
2019-10-01,30,9.0
2019-10-02,264,6.0
2019-10-03,86,7.0
2019-10-04,146,12.0
2019-10-05,26,26.0
2019-10-06,242,13.0
2019-10-07,123,12.0
2019-10-08,22,10.0
2019-10-09,167,8.0
2019-10-10,234,13.0
2019-10-11,115,13.0
2019-10-12,12,14.0
2019-10-13,23,11.0
2019-10-14,52,17.0
2019-10-15,75,13.0
2019-10-16,118,10.0
2019-10-17,221,9.0
2019-10-18,226,4.0
2019-10-19,147,8.0
2019-10-20,152,5.0
2019-10-21,87,7.0
2019-10-22,211,12.0
2019-10-23,191,5.0
2019-10-24,39,6.0
2019-10-25,128,17.0
2019-10-26,241,8.0
2019-10-27,256,7.0
2019-10-28,277,9.0
2019-10-29,278,3.0
2019-10-30,159,4.0
2019-10-31,102,6.0
2019-11-01,97,7.0
2019-11-02,128,4.0
2019-11-03,127,14.0
2019-11-04,26,17.0
2019-11-05,92,9.0
2019-11-06,268,8.0
2019-11-07,25,14.0
2019-11-08,85,6.0
2019-11-09,119,8.0
2019-11-10,321,9.0
2019-11-11,132,8.0
2019-11-12,127,12.0
2019-11-13,6,20.0
2019-11-14,195,7.0
2019-11-15,152,8.0
2019-11-16,132,7.0
2019-11-17,121,22.0
2019-11-18,11,19.0
2019-11-19,81,7.0
2019-11-20,105,9.0
2019-11-21,143,7.0
2019-11-22,145,8.0
2019-11-23,170,7.0
2019-11-24,12,26.0
2019-11-25,31,23.0
2019-11-26,37,11.0
2019-11-27,10,18.0
2019-11-28,36,9.0
2019-11-29,88,9.0
2019-11-30,352,10.0
2019-12-01,235,14.0
2019-12-02,19,9.0
2019-12-03,305,4.0
2019-12-04,34,4.0
2019-12-05,13,12.0
2019-12-06,138,6.0
2019-12-07,143,4.0
2019-12-08,220,7.0
2019-12-09,211,7.0
2019-12-10,246,5.0
2019-12-11,50,10.0
2019-12-12,104,13.0
2019-12-13,303,5.0
2019-12-14,72,12.0
2019-12-15,99,9.0
2019-12-16,338,9.0
2019-12-17,240,16.0
2019-12-18,10,19.0
2019-12-19,48,7.0
2019-12-20,81,8.0
2019-12-21,127,6.0
2019-12-22,187,7.0
2019-12-23,47,9.0
2019-12-24,53,5.0
2019-12-25,22,11.0
2019-12-26,6,17.0
2019-12-27,180,4.0
2019-12-28,157,8.0
2019-12-29,173,6.0
2019-12-30,18,19.0
2019-12-31,49,15.0
2020-01-01,89,9.0
2020-01-02,131,8.0
2020-01-03,233,7.0
2020-01-04,84,4.0
2020-01-05,70,7.0
2020-01-06,135,12.0
2020-01-07,330,17.0
2020-01-08,43,13.0
2020-01-09,22,12.0
2020-01-10,227,10.0
2020-01-11,336,9.0
2020-01-12,123,5.0
2020-01-13,42,10.0
2020-01-14,51,12.0
2020-01-15,26,14.0
2020-01-16,118,15.0
2020-01-17,7,6.0
2020-01-18,25,7.0
2020-01-19,217,6.0
2020-01-20,108,6.0
2020-01-21,106,9.0
2020-01-22,12,11.0
2020-01-23,18,9.0
2020-01-24,22,15.0
2020-01-25,20,17.0
2020-01-26,242,17.0
2020-01-27,9,11.0
2020-01-28,321,7.0
2020-01-29,269,9.0
2020-01-30,328,6.0
2020-01-31,127,8.0
2020-02-01,110,10.0
2020-02-02,64,6.0
2020-02-03,88,8.0
2020-02-04,151,5.0
2020-02-05,85,12.0
2020-02-06,15,16.0
2020-02-07,242,8.0
2020-02-08,41,7.0
2020-02-09,242,5.0
2020-02-10,177,6.0
2020-02-11,187,6.0
2020-02-12,186,7.0
2020-02-13,144,10.0
2020-02-14,41,17.0
2020-02-15,353,33.0
2020-02-16,226,8.0
2020-02-17,335,7.0
2020-02-18,132,8.0
2020-02-19,198,7.0
2020-02-20,112,11.0
2020-02-21,233,7.0
2020-02-22,94,8.0
2020-02-23,177,12.0
2020-02-24,206,19.0
2020-02-25,38,13.0
2020-02-26,51,13.0
2020-02-27,51,12.0
2020-02-28,327,8.0
2020-02-29,235,4.0
2020-03-01,15,14.0
2020-03-02,36,11.0
2020-03-03,291,6.0
2020-03-04,52,5.0
2020-03-05,134,10.0
2020-03-06,162,5.0
2020-03-07,83,8.0
2020-03-08,107,13.0
2020-03-09,236,20.0
2020-03-10,332,9.0
2020-03-11,146,10.0
2020-03-12,168,6.0
2020-03-13,12,18.0
2020-03-14,273,7.0
2020-03-15,246,7.0
2020-03-16,113,9.0
2020-03-17,245,11.0
2020-03-18,223,12.0
2020-03-19,44,8.0
2020-03-20,208,12.0
2020-03-21,94,10.0
2020-03-22,32,15.0
2020-03-23,27,8.0
2020-03-24,137,11.0
2020-03-25,156,13.0
2020-03-26,203,15.0
2020-03-27,27,32.0
2020-03-28,76,14.0
2020-03-29,33,8.0
2020-03-30,87,7.0
2020-03-31,300,5.0
2020-04-01,99,11.0
2020-04-02,240,9.0
2020-04-03,23,8.0
2020-04-04,149,7.0
2020-04-05,110,10.0
2020-04-06,96,7.0
2020-04-07,69,4.0
2020-04-08,165,6.0
2020-04-09,164,9.0
2020-04-10,21,21.0
2020-04-11,6,23.0
2020-04-12,302,13.0
2020-04-13,221,7.0
2020-04-14,212,15.0
2020-04-15,194,12.0
2020-04-16,230,13.0
2020-04-17,25,16.0
2020-04-18,62,12.0
2020-04-19,329,12.0
2020-04-20,14,9.0
2020-04-21,125,8.0
2020-04-22,35,7.0
2020-04-23,212,6.0
2020-04-24,256,12.0
2020-04-25,236,15.0
2020-04-26,229,15.0
2020-04-27,223,15.0
2020-04-28,165,7.0
2020-04-29,214,14.0
2020-04-30,240,14.0
2020-05-01,224,13.0
2020-05-02,229,15.0
2020-05-03,209,11.0
2020-05-04,164,11.0
2020-05-05,18,18.0
2020-05-06,106,14.0
2020-05-07,117,12.0
2020-05-08,119,11.0
2020-05-09,240,17.0
2020-05-10,332,8.0
2020-05-11,230,14.0
2020-05-12,279,10.0
2020-05-13,177,11.0
2020-05-14,285,4.0
2020-05-15,171,7.0
2020-05-16,282,7.0
2020-05-17,238,10.0
2020-05-18,12,15.0
2020-05-19,129,10.0
2020-05-20,108,16.0
2020-05-21,69,9.0
2020-05-22,137,7.0
2020-05-23,226,8.0
2020-05-24,18,15.0
2020-05-25,120,12.0
2020-05-26,323,7.0
2020-05-27,285,7.0
2020-05-28,202,9.0
2020-05-29,152,10.0
2020-05-30,246,7.0
2020-05-31,143,8.0
2020-06-01,138,6.0
2020-06-02,264,5.0
2020-06-03,283,8.0
2020-06-04,221,10.0
2020-06-05,196,9.0
2020-06-06,89,14.0
2020-06-07,112,17.0
2020-06-08,109,17.0
2020-06-09,11,14.0
2020-06-10,232,12.0
2020-06-11,218,9.0
2020-06-12,214,11.0
2020-06-13,238,7.0
2020-06-14,165,5.0
2020-06-15,230,10.0
2020-06-16,214,15.0
2020-06-17,220,19.0
2020-06-18,299,8.0
2020-06-19,78,7.0
2020-06-20,85,11.0
2020-06-21,62,11.0
2020-06-22,333,8.0
2020-06-23,283,8.0
2020-06-24,178,6.0
2020-06-25,110,8.0
2020-06-26,107,7.0
2020-06-27,197,8.0
2020-06-28,217,13.0
2020-06-29,269,8.0
2020-06-30,270,6.0
2020-07-01,48,9.0
2020-07-02,69,14.0
2020-07-03,130,6.0
2020-07-04,86,11.0
2020-07-05,230,9.0
2020-07-06,250,8.0
2020-07-07,118,13.0
2020-07-08,29,8.0
2020-07-09,53,5.0
2020-07-10,101,13.0
2020-07-11,192,17.0
2020-07-12,257,15.0
2020-07-13,228,8.0
2020-07-14,25,9.0
2020-07-15,20,10.0
2020-07-16,55,9.0
2020-07-17,244,10.0
2020-07-18,302,6.0
2020-07-19,306,10.0
2020-07-20,70,6.0
2020-07-21,97,11.0
2020-07-22,211,18.0
2020-07-23,255,11.0
2020-07-24,21,12.0
2020-07-25,20,6.0
2020-07-26,229,11.0
2020-07-27,107,9.0
2020-07-28,87,4.0
2020-07-29,79,7.0
2020-07-30,139,6.0
2020-07-31,205,7.0
2020-08-01,204,8.0
2020-08-02,194,10.0
2020-08-03,204,10.0
2020-08-04,109,6.0
2020-08-05,192,9.0
2020-08-06,200,17.0
2020-08-07,217,21.0
2020-08-08,238,14.0
2020-08-09,256,11.0
2020-08-10,186,8.0
2020-08-11,128,9.0
2020-08-12,174,15.0
2020-08-13,204,20.0
2020-08-14,206,20.0
2020-08-15,204,16.0
2020-08-16,191,14.0
2020-08-17,164,9.0
2020-08-18,168,7.0
2020-08-19,270,8.0
2020-08-20,29,15.0
2020-08-21,19,14.0
2020-08-22,28,9.0
2020-08-23,200,8.0
2020-08-24,258,12.0
2020-08-25,335,13.0
2020-08-26,318,11.0
2020-08-27,13,8.0
2020-08-28,64,6.0
2020-08-29,45,9.0
2020-08-30,149,5.0
2020-08-31,229,12.0
2020-09-01,231,16.0
2020-09-02,345,15.0
2020-09-03,284,8.0
2020-09-04,250,10.0
2020-09-05,118,7.0
2020-09-06,236,5.0
2020-09-07,261,8.0
2020-09-08,276,5.0
2020-09-09,111,8.0
2020-09-10,64,13.0
2020-09-11,26,14.0
2020-09-12,25,13.0
2020-09-13,60,12.0
2020-09-14,45,9.0
2020-09-15,35,27.0
2020-09-16,50,29.0
2020-09-17,156,27.0
2020-09-18,45,35.0
2020-09-19,25,20.0
2020-09-20,22,27.0
2020-09-21,63,30.0
2020-09-22,55,23.0
2020-09-23,24,4.0
2020-09-24,40,20.0
2020-09-25,82,27.0
2020-09-26,80,20.0
2020-09-27,100,17.0
2020-09-28,102,28.0
2020-09-29,111,27.0
2020-09-30,76,20.0
2020-10-01,94,20.0
2020-10-02,72,12.0
2020-10-03,108,4.0
2020-10-04,80,9.0
2020-10-05,85,24.0
2020-10-06,69,12.0
2020-10-07,68,12.0
2020-10-08,99,20.0
2020-10-09,84,24.0
2020-10-10,107,31.0
2020-10-11,103,20.0
2020-10-12,98,27.0
2020-10-13,79,17.0
2020-10-14,111,12.0
2020-10-15,145,12.0
2020-10-16,124,17.0
2020-10-17,155,12.0
2020-10-18,152,20.0
2020-10-19,153,10.0
2020-10-20,126,9.0
2020-10-21,28,12.0
2020-10-22,58,27.0
2020-10-23,111,12.0
2020-10-24,74,20.0
2020-10-25,108,27.0
2020-10-26,105,20.0
2020-10-27,110,20.0
2020-10-28,75,20.0
2020-10-29,78,4.0
2020-10-30,105,9.0
2020-10-31,107,20.0
2020-11-01,80,24.0
2020-11-02,77,20.0
2020-11-03,92,17.0
2020-11-04,110,9.0
2020-11-05,86,9.0
2020-11-06,74,20.0
2020-11-07,80,40.0
2020-11-08,53,27.0
2020-11-09,49,32.0
2020-11-10,44,35.0
2020-11-11,53,35.0
2020-11-12,47,32.0
2020-11-13,66,12.0
2020-11-14,52,20.0
2020-11-15,98,32.0
2020-11-16,94,35.0
2020-11-17,155,27.0
2020-11-18,150,24.0
2020-11-19,135,20.0
2020-11-20,136,12.0
2020-11-21,75,20.0
2020-11-22,84,32.0
2020-11-23,92,27.0
2020-11-24,95,20.0
2020-11-25,88,17.0
2020-11-26,95,20.0
2020-11-27,72,20.0
2020-11-28,80,17.0
2020-11-29,79,12.0
2020-11-30,107,20.0
2020-12-01,96,12.0
2020-12-02,34,12.0
2020-12-03,45,20.0
2020-12-04,50,24.0
2020-12-05,33,24.0
2020-12-06,37,20.0
2020-12-07,42,32.0
2020-12-08,52,24.0
2020-12-09,64,24.0
2020-12-10,44,20.0
2020-12-11,29,21.0
